"language","program","status","lang_type","execution_model","source_implemented","ran","source_dir","source_file","toolchain","compiler_or_front_end","compile_backend","runtime_backend","source_bytes","source_gzip_bytes","compile_time_ms","compile_cpu_ms","compile_cpu_pct","compile_peak_ws_kb","exec_startup_ms","exec_time_ms","exec_cpu_ms","exec_cpu_pct","exec_peak_ws_kb","exe_bytes","exe_upx_bytes","runtime_dep_bytes","exe_plus_deps_bytes","requested_as","requested_tool","listed_as","notes"
"C (clang)","hello","implemented","compiled","AOT native","yes","yes","examples\c","examples\c\hello.c","clang 17.0.6","clang -O2","LLVM","native","84","98","225.7","31.2","67.4","15476","3.7","3.7","0","0","2636","110080","53248","","110080","","","","Swift clang targeting windows-msvc; LSD radix 4x8; rerun median n=5 samples=[5.5, 4.1, 3.7, 3.6, 3.7]"
"C (clang)","fibonacci","implemented","compiled","AOT native","yes","yes","examples\c","examples\c\fibonacci.c","clang 17.0.6","clang -O2","LLVM","native","252","173","106.8","15.6","44.8","14140","3.7","3.8","0","0","2636","139776","70656","","139776","","","","Swift clang targeting windows-msvc; LSD radix 4x8; rerun median n=5 samples=[5.0, 3.8, 3.8, 3.6, 3.6]"
"C (clang)","prime_sieve","implemented","compiled","AOT native","yes","yes","examples\c","examples\c\prime_sieve.c","clang 17.0.6","clang -O2","LLVM","native","585","292","126.8","15.6","44.2","13952","3.7","4.8","0","0","2640","140800","70656","","140800","","","","Swift clang targeting windows-msvc; LSD radix 4x8; rerun median n=5 samples=[5.6, 4.9, 4.8, 4.6, 4.6]"
"C (clang)","sorting","implemented","compiled","AOT native","yes","yes","examples\c","examples\c\sorting.c","clang 17.0.6","clang -O2","LLVM","native","1229","353","142.6","31.2","62.6","13244","3.7","9.6","78.1","85.4","7312","141312","70656","","140288","","","","Swift clang targeting windows-msvc; LSD radix 4x8; rerun median n=5 samples=[10.6, 9.3, 9.5, 9.8, 9.6]"
"C# (AOT)","hello","implemented","compiled","AOT native","yes","yes","examples\csharp","examples\csharp\hello\Program.cs",".NET 10 Native AOT","dotnet publish PublishAot","ILCompiler","native","112","116","","","","","7.1","7.1","15.6","42.3","13272","953344","151552","596322892","596474444","","","","JIT/AOT pair; Hello, World!"
"C# (AOT)","fibonacci","implemented","compiled","AOT native","yes","yes","examples\csharp","examples\csharp\fibonacci\Program.cs",".NET 10 Native AOT","dotnet publish PublishAot","ILCompiler","native","271","174","","","","","7.1","7.1","15.6","40.8","13876","955904","151552","596322892","596474444","","","","JIT/AOT pair; 267914296"
"C# (AOT)","prime_sieve","implemented","compiled","AOT native","yes","yes","examples\csharp","examples\csharp\prime_sieve\Program.cs",".NET 10 Native AOT","dotnet publish PublishAot","ILCompiler","native","659","272","","","","","7.1","8.6","46.9","105","18472","954880","151552","596322892","596474444","","","","JIT/AOT pair; Primes up to 1000000: 78498"
"C# (AOT)","sorting","implemented","compiled","AOT native","yes","yes","examples\csharp","examples\csharp\sorting\Program.cs",".NET 10 Native AOT","dotnet publish PublishAot","ILCompiler","native","1248","257","","","","","7.1","15.1","93.8","104.5","21996","956416","151552","596322892","596474444","","","","JIT/AOT pair; Sorted 1000000 integers: first=3842, last=2147480074"
"C++","hello","implemented","compiled","AOT native","yes","yes","examples\cpp","examples\cpp\hello.cpp","MSVC cl 17.14","cl /O2","MSVC C1XX/C2","native","86","101","","","","","3.8","3.8","0","0","2636","209920","92672","","209920","","","","MSVC not Swift clang; rerun median n=5 samples=[8.7, 4.0, 3.7, 3.8, 3.7]"
"C++","fibonacci","implemented","compiled","AOT native","yes","yes","examples\cpp","examples\cpp\fibonacci.cpp","MSVC cl 17.14","cl /O2","MSVC C1XX/C2","native","240","168","","","","","3.8","3.7","0","0","2640","259072","116736","","259072","","","","MSVC not Swift clang; rerun median n=5 samples=[9.1, 5.7, 3.6, 3.6, 3.7]"
"C++","prime_sieve","implemented","compiled","AOT native","yes","yes","examples\cpp","examples\cpp\prime_sieve.cpp","MSVC cl 17.14","cl /O2","MSVC C1XX/C2","native","491","257","","","","","3.8","5.1","0","0","2636","260608","117248","","260608","","","","MSVC not Swift clang; rerun median n=5 samples=[8.1, 5.1, 4.9, 4.9, 5.1]"
"C++","sorting","implemented","compiled","AOT native","yes","yes","examples\cpp","examples\cpp\sorting.cpp","MSVC cl 17.14","cl /O2","MSVC C1XX/C2","native","494","304","","","","","3.8","9.8","46.9","65.9","7400","262656","117760","","262656","","","","MSVC not Swift clang; rerun median n=5 samples=[62.8, 61.1, 59.3, 59.3, 60.0]; LSD radix 4x8; was comparison sort"
"Clojure","hello","implemented","jit","JIT","yes","yes","examples\clojure","examples\clojure\hello.clj","Clojure CLI 1.12.0.1501","clojure -M -m","Clojure bytecode","HotSpot JVM","59","77","","","","","659.2","659.2","31.2","5.5","12508","24793088","","343617739","343617739","","","","rerun median n=5 samples=[675.0, 659.2, 652.0, 676.5, 652.2]"
"Clojure","fibonacci","implemented","jit","JIT","yes","yes","examples\clojure","examples\clojure\fibonacci.clj","Clojure CLI 1.12.0.1501","clojure -M -m","Clojure bytecode","HotSpot JVM","152","129","","","","","659.2","672.6","15.6","2.8","12468","24793088","","343617739","343617739","","","","rerun median n=5 samples=[650.7, 653.5, 672.6, 680.8, 681.1]"
"Clojure","prime_sieve","implemented","jit","JIT","yes","yes","examples\clojure","examples\clojure\prime_sieve.clj","Clojure CLI 1.12.0.1501","clojure -M -m","Clojure bytecode","HotSpot JVM","515","269","","","","","659.2","689.8","31.2","5.6","12488","24793088","","343617739","343617739","","","","rerun median n=5 samples=[690.5, 683.0, 678.2, 689.8, 695.5]"
"Clojure","sorting","implemented","jit","JIT","yes","yes","examples\clojure","examples\clojure\sorting.clj","Clojure CLI 1.12.0.1501","clojure -M -m","Clojure bytecode","HotSpot JVM","455","224","","","","","659.2","738.9","31.2","5.6","12832","24793088","","343617739","343617739","","","","rerun median n=5 samples=[738.6, 735.6, 747.0, 738.9, 753.3]"
"Common Lisp (SBCL)","hello","implemented","compiled","script+native","yes","yes","examples\lisp","examples\lisp\hello.lisp","SBCL 2.6.7","sbcl --script","SBCL native","SBCL","29","49","","","","","24.5","24.5","31.2","69.8","44768","2555987","","56027239","56027239","Common Lisp (sbcl)","sbcl","not installed","rerun median n=5 samples=[24.5, 24.6, 24.2, 25.6, 23.3]"
"Common Lisp (SBCL)","fibonacci","implemented","compiled","script+native","yes","yes","examples\lisp","examples\lisp\fibonacci.lisp","SBCL 2.6.7","sbcl --script","SBCL native","SBCL","144","120","","","","","24.5","24.5","46.9","106.4","5416","2555987","","56027239","56027239","Common Lisp (sbcl)","sbcl","not installed","rerun median n=5 samples=[25.1, 24.5, 24.5, 25.5, 24.4]"
"Common Lisp (SBCL)","prime_sieve","implemented","compiled","script+native","yes","yes","examples\lisp","examples\lisp\prime_sieve.lisp","SBCL 2.6.7","sbcl --script","SBCL native","SBCL","471","243","","","","","24.5","35.0","31.2","69.3","2636","2555987","","56027239","56027239","Common Lisp (sbcl)","sbcl","not installed","rerun median n=5 samples=[35.0, 34.7, 37.6, 36.2, 34.9]"
"Common Lisp (SBCL)","sorting","implemented","compiled","script+native","yes","yes","examples\lisp","examples\lisp\sorting.lisp","SBCL 2.6.7","sbcl --script","SBCL native","SBCL","1793","259","","","","","24.5","37.5","31.2","73.2","2636","2555987","","56027239","56027239","Common Lisp (sbcl)","sbcl","not installed","typed ub32 introsort; generic sort ~394ms (csv 42ms was spawn floor); rerun median n=5 samples=[79.9, 81.8, 77.5, 78.3, 75.7]; LSD radix 4x8; was comparison sort"
"D","hello","implemented","compiled","AOT native","yes","yes","examples\d","examples\d\hello.d","DMD 2.112.0","dmd -O -release","DMD backend","native","65","82","293.9","","","","8.4","8.4","15.6","75","2644","587264","236544","","587776","","","","compile remesured (dmd -of= hung in batch); rerun median n=5 samples=[13.4, 9.1, 8.4, 7.9, 7.9]"
"D","fibonacci","implemented","compiled","AOT native","yes","yes","examples\d","examples\d\fibonacci.d","DMD 2.112.0","dmd -O -release","DMD backend","native","191","145","","","","","8.4","8.1","15.6","75.3","2644","590336","237568","","590336","","","","rerun median n=5 samples=[15.9, 7.9, 8.1, 8.1, 10.0]"
"D","prime_sieve","implemented","compiled","AOT native","yes","yes","examples\d","examples\d\prime_sieve.d","DMD 2.112.0","dmd -O -release","DMD backend","native","456","252","","","","","8.4","9.7","0","0","2644","640512","251392","","640512","","","","rerun median n=5 samples=[13.7, 9.5, 9.9, 9.6, 9.7]"
"D","sorting","implemented","compiled","AOT native","yes","yes","examples\d","examples\d\sorting.d","DMD 2.112.0","dmd -O -release","DMD backend","native","491","252","","","","","8.4","11.0","78.1","78.2","11768","651776","254464","","653312","","","","LSD radix 4x8 via C-style loops; was phobos sort ~79ms"
"Dart (AOT)","hello","implemented","compiled","AOT native","yes","yes","examples\dart","examples\dart\hello.dart","Dart 3.12.2 AOT","dart compile exe","Dart AOT","Dart AOT runtime","42","62","423.5","46.9","11.1","47992","12.0","12.0","31.2","105.6","2656","6358016","2470400","","6358016","Dart (dartc)","dartc","not installed","JIT/AOT pair; Hello, World!"
"Dart (AOT)","fibonacci","implemented","compiled","AOT native","yes","yes","examples\dart","examples\dart\fibonacci.dart","Dart 3.12.2 AOT","dart compile exe","Dart AOT","Dart AOT runtime","153","125","288.5","46.9","16.2","48028","12.0","12.9","15.6","53.1","13000","6358016","2470400","","6358016","Dart (dartc)","dartc","not installed","JIT/AOT pair; 267914296"
"Dart (AOT)","prime_sieve","implemented","compiled","AOT native","yes","yes","examples\dart","examples\dart\prime_sieve.dart","Dart 3.12.2 AOT","dart compile exe","Dart AOT","Dart AOT runtime","426","229","312.9","31.2","10","48076","12.0","14.6","15.6","53.4","2656","6358016","2470400","","6358016","Dart (dartc)","dartc","not installed","JIT/AOT pair; Primes up to 1000000: 78498"
"Dart (AOT)","sorting","implemented","compiled","AOT native","yes","yes","examples\dart","examples\dart\sorting.dart","Dart 3.12.2 AOT","dart compile exe","Dart AOT","Dart AOT runtime","957","217","283.6","31.2","11","48024","12.0","22.1","218.8","116.6","20776","6358528","2476032","","6361600","Dart (dartc)","dartc","not installed","JIT/AOT pair; Sorted 1000000 integers: first=3842, last=2147480074"
"Elixir","hello","implemented","bytecode","bytecode VM","yes","yes","examples\elixir","examples\elixir\hello.exs","Elixir 1.18.4 + OTP 29","elixir","BEAM","BEAM","25","45","","","","","325.9","325.9","93.8","80.1","8880","6573","","482448341","482448341","Elixir (mix)","mix","not installed","rerun median n=5 samples=[330.6, 317.7, 331.0, 325.9, 321.8]"
"Elixir","fibonacci","implemented","bytecode","bytecode VM","yes","yes","examples\elixir","examples\elixir\fibonacci.exs","Elixir 1.18.4 + OTP 29","elixir","BEAM","BEAM","120","111","","","","","325.9","357.2","109.4","89.4","8872","6573","","482448341","482448341","Elixir (mix)","mix","not installed","rerun median n=5 samples=[351.1, 355.9, 386.7, 357.2, 362.9]"
"Elixir","prime_sieve","implemented","bytecode","bytecode VM","yes","yes","examples\elixir","examples\elixir\prime_sieve.exs","Elixir 1.18.4 + OTP 29","elixir","BEAM","BEAM","634","334","","","","","325.9","380.4","93.8","76.5","8868","6573","","482448341","482448341","Elixir (mix)","mix","not installed","rerun median n=5 samples=[373.9, 376.3, 381.1, 382.6, 380.4]"
"Elixir","sorting","implemented","bytecode","bytecode VM","yes","yes","examples\elixir","examples\elixir\sorting.exs","Elixir 1.18.4 + OTP 29","elixir","BEAM","BEAM","359","251","","","","","325.9","538.3","109.4","89.5","8872","6573","","482448341","482448341","Elixir (mix)","mix","not installed","rerun median n=5 samples=[536.7, 538.9, 530.6, 538.5, 538.3]"
"Erlang","hello","implemented","bytecode","bytecode VM","yes","yes","examples\erlang","examples\erlang\hello.erl","OTP 29.0.5","escript","BEAM","BEAM","116","125","","","","","238.1","238.1","0","0","2644","50176","","469190684","469190684","Erlang","erl","not installed","rerun median n=5 samples=[263.4, 235.8, 245.4, 237.6, 238.1]"
"Erlang","fibonacci","implemented","bytecode","bytecode VM","yes","yes","examples\erlang","examples\erlang\fibonacci.erl","OTP 29.0.5","escript","BEAM","BEAM","201","170","","","","","238.1","248.9","0","0","2644","50176","","469190684","469190684","Erlang","erl","not installed","rerun median n=5 samples=[249.5, 279.3, 248.9, 238.7, 242.6]"
"Erlang","prime_sieve","implemented","bytecode","bytecode VM","yes","yes","examples\erlang","examples\erlang\prime_sieve.erl","OTP 29.0.5","escript","BEAM","BEAM","869","385","","","","","238.1","287.0","0","0","2644","50176","","469190684","469190684","Erlang","erl","not installed","rerun median n=5 samples=[292.6, 283.8, 281.3, 287.0, 289.5]"
"Erlang","sorting","implemented","bytecode","bytecode VM","yes","yes","examples\erlang","examples\erlang\sorting.erl","OTP 29.0.5","escript","BEAM","BEAM","432","289","","","","","238.1","439.8","0","0","2644","50176","","469190684","469190684","Erlang","erl","not installed","rerun median n=5 samples=[436.4, 446.0, 436.2, 440.6, 439.8]"
"F# (JIT)","hello","implemented","jit","JIT","yes","yes","examples\fsharp","examples\fsharp\hello\Program.fs",".NET 10 RyuJIT","dotnet build -c Release","IL + RyuJIT","CLR","86","44","","","","","23.6","23.6","187.5","19.7","52076","162304","","596322892","596322892","","","installed","JIT/AOT pair; Hello, World!"
"F# (JIT)","fibonacci","implemented","jit","JIT","yes","yes","examples\fsharp","examples\fsharp\fibonacci\Program.fs",".NET 10 RyuJIT","dotnet build -c Release","IL + RyuJIT","CLR","197","122","","","","","23.6","24.3","234.4","10","42972","162304","","596322892","596322892","","","installed","JIT/AOT pair; 267914296"
"F# (JIT)","prime_sieve","implemented","jit","JIT","yes","yes","examples\fsharp","examples\fsharp\prime_sieve\Program.fs",".NET 10 RyuJIT","dotnet build -c Release","IL + RyuJIT","CLR","760","289","","","","","23.6","28.4","421.9","30.9","52312","162304","","596322892","596322892","","","installed","JIT/AOT pair; Primes up to 1000000: 78498"
"F# (JIT)","sorting","implemented","jit","JIT","yes","yes","examples\fsharp","examples\fsharp\sorting\Program.fs",".NET 10 RyuJIT","dotnet build -c Release","IL + RyuJIT","CLR","1033","214","","","","","23.6","32.7","","14.7","43132","162304","","596322892","596322892","","","installed","JIT/AOT pair; Sorted 1000000 integers: first=3842, last=2147480074"
"Gleam","hello","implemented","bytecode","bytecode VM","yes","yes","examples\gleam","examples\gleam\hello\src\hello.gleam","Gleam 1.18.1","gleam run","Gleam->BEAM","BEAM","65","85","","","","","485.2","485.2","15.6","45.4","2000","23295832","","469190684","469190684","Gleam","gleam","not installed","gleam run + escript; csv 34ms spawn floor; rerun median n=5 samples=[485.2, 488.8, 483.5, 483.4, 489.7]"
"Gleam","fibonacci","implemented","bytecode","bytecode VM","yes","yes","examples\gleam","examples\gleam\fibonacci\src\fibonacci.gleam","Gleam 1.18.1","gleam run","Gleam->BEAM","BEAM","194","153","","","","","485.2","478.3","15.6","55.1","2644","23295832","","469190684","469190684","Gleam","gleam","not installed","rerun median n=5 samples=[476.9, 478.2, 481.4, 478.3, 480.3]"
"Gleam","prime_sieve","implemented","bytecode","bytecode VM","yes","yes","examples\gleam","examples\gleam\prime_sieve\src\prime_sieve.gleam","Gleam 1.18.1","gleam run","Gleam->BEAM","BEAM","1303","400","","","","","485.2","493.4","15.6","55.8","2644","23295832","","469190684","469190684","Gleam","gleam","not installed","erlang atomics FFI; was persistent Dict (csv 28ms spawn floor); rerun median n=5 samples=[512.2, 528.8, 493.4, 488.8, 483.9]"
"Gleam","sorting","implemented","bytecode","bytecode VM","yes","yes","examples\gleam","examples\gleam\sorting\src\sorting.gleam","Gleam 1.18.1","gleam run","Gleam->BEAM","BEAM","683","352","","","","","485.2","800.1","15.6","54.9","2644","23295832","","469190684","469190684","Gleam","gleam","not installed","list.sort 1e6 cons; csv 28.5ms spawn floor; rerun median n=5 samples=[797.7, 803.8, 800.1, 792.1, 803.9]"
"Go","hello","implemented","compiled","AOT native","yes","yes","examples\go","examples\go\hello.go","Go 1.26.5","go build","Go SSA","native","74","89","137.4","78.1","56.8","10320","7.0","7.0","0","0","2628","1672704","1424384","","2462720","Go","go","not installed","go build -ldflags -s -w; rerun median n=5 samples=[11.4, 7.7, 6.3, 7.0, 6.6]"
"Go","fibonacci","implemented","compiled","AOT native","yes","yes","examples\go","examples\go\fibonacci.go","Go 1.26.5","go build","Go SSA","native","137","135","99.6","93.8","94.1","10216","7.0","6.9","0","0","2628","2463232","1424384","","2463232","Go","go","not installed","listed as not installed; actually run; rerun median n=5 samples=[17.4, 6.9, 6.3, 5.9, 7.0]"
"Go","prime_sieve","implemented","compiled","AOT native","yes","yes","examples\go","examples\go\prime_sieve.go","Go 1.26.5","go build","Go SSA","native","403","235","97.6","93.8","96.1","10012","7.0","9.6","0","0","2628","1682432","1433088","","2477056","Go","go","not installed","go build -ldflags -s -w; rerun median n=5 samples=[13.6, 9.2, 9.6, 8.3, 10.1]"
"Go","sorting","implemented","compiled","AOT native","yes","yes","examples\go","examples\go\sorting.go","Go 1.26.5","go build","Go SSA","native","316","246","103.1","78.1","75.8","11624","7.0","14.7","46.9","61.9","15276","1690112","1441280","","2490368","Go","go","not installed","sort.Ints; retimed wait-for-exit; rerun median n=5 samples=[66.7, 63.8, 63.6, 64.3, 62.8]; LSD radix 4x8; was comparison sort"
"Haskell","hello","implemented","compiled","AOT native","yes","yes","examples\haskell","examples\haskell\hello.hs","GHC 9.8.2","ghc -O2","GHC NCG","native","46","63","51.6","0","0","7656","8.7","8.7","0","0","2648","11392512","4520448","","11392512","Haskell (ghc)","ghc","not installed","ghc -O2 retimed; rerun median n=5 samples=[14.9, 8.7, 8.5, 9.1, 8.3]"
"Haskell","fibonacci","implemented","compiled","AOT native","yes","yes","examples\haskell","examples\haskell\fibonacci.hs","GHC 9.8.2","ghc -O2","GHC NCG","native","104","103","57.1","62.5","109.5","7660","8.7","9.3","15.6","52.5","2648","11393536","4520960","","11393536","Haskell (ghc)","ghc","not installed","Data.List.sort; rerun median n=5 samples=[37.1, 8.9, 9.8, 9.3, 8.3]"
"Haskell","prime_sieve","implemented","compiled","AOT native","yes","yes","examples\haskell","examples\haskell\prime_sieve.hs","GHC 9.8.2","ghc -O2","GHC NCG","native","610","332","52.1","0","0","7668","8.7","13.2","15.6","53.1","2648","11908608","4757504","","11908608","Haskell (ghc)","ghc","not installed","STUArray Bool retimed; rerun median n=5 samples=[16.5, 13.2, 14.4, 12.7, 12.7]"
"Haskell","sorting","implemented","compiled","AOT native","yes","yes","examples\haskell","examples\haskell\sorting.hs","GHC 9.8.2","ghc -O2","GHC NCG","native","4024","1260","50.7","31.2","61.6","7660","8.7","17.0","1265.6","96.4","152732","11908096","4522496","","11397632","Haskell (ghc)","ghc","not installed","STUArray introsort retimed; rerun median n=5 samples=[61.8, 55.4, 57.8, 56.2, 55.6]; LSD radix 4x8; was comparison sort"
"Java","hello","implemented","jit","JIT","yes","yes","examples\java","examples\java\Hello.java","OpenJDK 21.0.10","javac","javac bytecode","HotSpot JVM","119","117","167.4","250","149.4","64536","43.2","43.2","","","42812","50344","","343617739","343618156","","","","exec remesured (pipe hang in batch run); rerun median n=5 samples=[47.9, 42.5, 43.2, 43.2, 41.5]"
"Java","fibonacci","implemented","jit","JIT","yes","yes","examples\java","examples\java\Fibonacci.java","OpenJDK 21.0.10","javac","javac bytecode","HotSpot JVM","276","175","156.2","218.8","140","64344","43.2","43.2","","","42904","50344","","343617739","343618271","","","","exec remesured (pipe hang in batch run); rerun median n=5 samples=[44.2, 43.2, 42.8, 42.6, 44.5]"
"Java","prime_sieve","implemented","jit","JIT","yes","yes","examples\java","examples\java\PrimeSieve.java","OpenJDK 21.0.10","javac","javac bytecode","HotSpot JVM","616","281","185.8","265.6","143","64436","43.2","54.3","","","42860","50344","","343617739","343618817","","","","exec remesured (pipe hang in batch run); rerun median n=5 samples=[53.8, 54.3, 56.0, 57.8, 53.1]"
"Java","sorting","implemented","jit","JIT","yes","yes","examples\java","examples\java\Sorting.java","OpenJDK 21.0.10","javac","javac bytecode","HotSpot JVM","456","281","158.1","375","237.2","64084","43.2","89.2","","","42884","50344","","343617739","343618866","","","","LCG + Arrays.sort; was unseeded Random; rerun median n=5 samples=[149.3, 138.6, 156.8, 154.3, 154.4]; LSD radix 4x8; was comparison sort"
"JavaScript (Node)","hello","implemented","interpreted","JIT","yes","yes","examples\javascript","examples\javascript\hello.js","Node 25.6.1","node","V8","V8","30","50","","","","","34.9","34.9","31.2","50.9","22136","95120384","","95120384","95120384","JavaScript","node","","V8; same examples/javascript sources as the other JS engines; rerun median n=5 samples=[41.4, 33.7, 33.7, 35.8, 34.9]"
"JavaScript (Node)","fibonacci","implemented","interpreted","JIT","yes","yes","examples\javascript","examples\javascript\fibonacci.js","Node 25.6.1","node","V8","V8","207","146","","","","","34.9","36.2","62.5","103.1","32452","95120384","","95120384","95120384","JavaScript","node","","V8; same examples/javascript sources as the other JS engines; rerun median n=5 samples=[35.3, 36.2, 38.7, 36.9, 36.0]"
"JavaScript (Node)","prime_sieve","implemented","interpreted","JIT","yes","yes","examples\javascript","examples\javascript\prime_sieve.js","Node 25.6.1","node","V8","V8","479","239","","","","","34.9","41.4","31.2","52","33648","95120384","","95120384","95120384","JavaScript","node","","V8; same examples/javascript sources as the other JS engines; rerun median n=5 samples=[40.3, 41.4, 42.6, 40.2, 42.5]"
"JavaScript (Node)","sorting","implemented","interpreted","JIT","yes","yes","examples\javascript","examples\javascript\sorting.js","Node 25.6.1","node","V8","V8","1042","445","","","","","34.9","52.7","31.2","52.5","27148","95120384","","95120384","95120384","JavaScript","node","","V8; same examples/javascript sources as the other JS engines; rerun median n=5 samples=[53.0, 51.6, 52.9, 52.7, 52.7]"
"Julia","hello","implemented","jit","JIT","yes","yes","examples\julia","examples\julia\hello.jl","Julia 1.12.6","julia","LLVM JIT","LLVM JIT","25","45","","","","","158.8","158.8","171.9","79.9","214784","170952","","1080335232","1080335232","","","","rerun median n=5 samples=[1590.0, 162.6, 156.5, 152.1, 158.8]"
"Julia","fibonacci","implemented","jit","JIT","yes","yes","examples\julia","examples\julia\fibonacci.jl","Julia 1.12.6","julia","LLVM JIT","LLVM JIT","112","101","","","","","158.8","191.7","171.9","92.7","211388","170952","","1080335232","1080335232","","","","rerun median n=5 samples=[318.1, 187.5, 189.7, 200.1, 191.7]"
"Julia","prime_sieve","implemented","jit","JIT","yes","yes","examples\julia","examples\julia\prime_sieve.jl","Julia 1.12.6","julia","LLVM JIT","LLVM JIT","332","292","","","","","158.8","214.6","171.9","97.4","212544","170952","","1080335232","1080335232","","","","rerun median n=5 samples=[215.5, 212.6, 205.3, 214.6, 216.9]"
"Julia","sorting","implemented","jit","JIT","yes","yes","examples\julia","examples\julia\sorting.jl","Julia 1.12.6","julia","LLVM JIT","LLVM JIT","989","219","","","","","158.8","247.9","171.9","96.1","213072","170952","","1080335232","1080335232","","","","rerun median n=5 samples=[249.6, 251.9, 233.1, 247.9, 237.9]"
"Kotlin","hello","implemented","jit","JIT","yes","yes","examples\kotlin","examples\kotlin\Hello.kt","kotlinc 2.2.21 + JDK 21","kotlinc -include-runtime","JVM bytecode","HotSpot JVM","44","62","","","","","48.8","48.8","","","42904","50344","","343617739","348799133","Kotlin (kotlinc)","kotlinc","not installed","fat JAR retimed; rerun median n=5 samples=[50.2, 48.8, 48.1, 50.1, 48.8]"
"Kotlin","fibonacci","implemented","jit","JIT","yes","yes","examples\kotlin","examples\kotlin\Fibonacci.kt","kotlinc 2.2.21 + JDK 21","kotlinc -include-runtime","JVM bytecode","HotSpot JVM","151","110","","","","","48.8","49.5","","","42932","50344","","343617739","348799374","Kotlin (kotlinc)","kotlinc","not installed","fat JAR; exec remesured; rerun median n=5 samples=[52.1, 49.1, 48.7, 49.5, 62.0]"
"Kotlin","prime_sieve","implemented","jit","JIT","yes","yes","examples\kotlin","examples\kotlin\PrimeSieve.kt","kotlinc 2.2.21 + JDK 21","kotlinc -include-runtime","JVM bytecode","HotSpot JVM","463","240","","","","","48.8","77.3","","","43068","50344","","343617739","348799539","Kotlin (kotlinc)","kotlinc","not installed","BooleanArray retimed; rerun median n=5 samples=[75.8, 79.9, 75.2, 78.0, 77.3]"
"Kotlin","sorting","implemented","jit","JIT","yes","yes","examples\kotlin","examples\kotlin\Sorting.kt","kotlinc 2.2.21 + JDK 21","kotlinc -include-runtime","JVM bytecode","HotSpot JVM","290","204","","","","","48.8","75.9","","","43012","50344","","343617739","348799498","Kotlin (kotlinc)","kotlinc","not installed","IntArray.sort LCG retimed; rerun median n=5 samples=[161.8, 153.9, 162.1, 170.8, 146.7]; LSD radix 4x8; was comparison sort"
"Lua","hello","implemented","interpreted","interpreted","yes","yes","examples\lua","examples\lua\hello.lua","Lua 5.4.6","lua","Lua bytecode","Lua VM","23","43","","","","","7.1","7.1","0","0","2644","245760","","13112695","13112695","Lua (luajit)","luajit","not installed","rerun median n=5 samples=[8.1, 6.9, 7.3, 7.1, 6.8]"
"Lua","fibonacci","implemented","interpreted","interpreted","yes","yes","examples\lua","examples\lua\fibonacci.lua","Lua 5.4.6","lua","Lua bytecode","Lua VM","78","85","","","","","7.1","7.0","0","0","2640","245760","","13112695","13112695","Lua (luajit)","luajit","not installed","rerun median n=5 samples=[7.0, 7.0, 7.6, 6.8, 7.1]"
"Lua","prime_sieve","implemented","interpreted","interpreted","yes","yes","examples\lua","examples\lua\prime_sieve.lua","Lua 5.4.6","lua","Lua bytecode","Lua VM","354","211","","","","","7.1","39.2","0","0","2644","245760","","13112695","13112695","Lua (luajit)","luajit","not installed","rerun median n=5 samples=[39.2, 37.9, 40.4, 38.9, 45.6]"
"Lua","sorting","implemented","interpreted","interpreted","yes","yes","examples\lua","examples\lua\sorting.lua","Lua 5.4.6","lua","Lua bytecode","Lua VM","839","198","","","","","7.1","310.5","0","0","2644","245760","","13112695","13112695","Lua (luajit)","luajit","not installed","rerun median n=5 samples=[307.8, 310.0, 310.5, 311.3, 315.1]"
"Nim","hello","implemented","compiled","transpiled AOT","yes","yes","examples\nim","examples\nim\hello.nim","nim 2.0.8 + MSVC","nim c -d:release --cc:vcc","C (MSVC)","native","21","41","27.2","15.6","57.4","2640","3.9","3.9","0","0","2660","187392","98304","","187392","","","","--lib required; rerun median n=5 samples=[9.9, 4.1, 3.9, 3.7, 3.8]"
"Nim","fibonacci","implemented","compiled","transpiled AOT","yes","yes","examples\nim","examples\nim\fibonacci.nim","nim 2.0.8 + MSVC","nim c -d:release --cc:vcc","C (MSVC)","native","79","86","16.2","0","0","2640","3.9","3.8","15.6","118.7","2660","187904","98304","","187904","","","","--lib required; rerun median n=5 samples=[8.2, 4.0, 3.8, 3.7, 3.5]"
"Nim","prime_sieve","implemented","compiled","transpiled AOT","yes","yes","examples\nim","examples\nim\prime_sieve.nim","nim 2.0.8 + MSVC","nim c -d:release --cc:vcc","C (MSVC)","native","356","214","23.5","15.6","66.6","2644","3.9","6.5","0","0","2660","264597","98816","","188928","","","","seq[byte] + gcc -d:release; rerun median n=5 samples=[9.8, 6.1, 6.5, 6.1, 7.0]"
"Nim","sorting","implemented","compiled","transpiled AOT","yes","yes","examples\nim","examples\nim\sorting.nim","nim 2.0.8 + MSVC","nim c -d:release --cc:vcc","C (MSVC)","native","1138","215","24.1","31.2","129.8","2644","3.9","10.9","171.9","101.9","15332","264593","100352","","192512","","","","int32 introsort; was seq[int] mergesort ~169ms; rerun median n=5 samples=[61.1, 58.1, 58.1, 58.0, 59.2]; LSD radix 4x8; was comparison sort"
"OCaml","hello","implemented","compiled","AOT native","yes","yes","examples\ocaml","examples\ocaml\hello.ml","ocamlopt 5.5.0 (opam mingw64)","ocamlopt -O2","OCaml native / gcc (mingw64)","native","30","50","3439.6","15.6","0.5","14588","8.1","8.1","0","0","2636","3327357","30082","337408","371586","OCaml","ocamlopt","","ocamlopt 5.5.0 via opam default switch (mingw64 gcc); DkML ocamlopt 4.14 MSVC needs unmapped Y:/VS/ml64.exe; Bytes sieve; LSD radix 4x8; rerun median n=5 samples=[9.7, 8.2, 7.6, 8.1, 7.8]"
"OCaml","fibonacci","implemented","compiled","AOT native","yes","yes","examples\ocaml","examples\ocaml\fibonacci.ml","ocamlopt 5.5.0 (opam mingw64)","ocamlopt -O2","OCaml native / gcc (mingw64)","native","168","128","67.2","15.6","23.3","14032","8.1","7.9","0","0","2640","4039349","168138","337408","509642","OCaml","ocamlopt","","ocamlopt 5.5.0 via opam default switch (mingw64 gcc); DkML ocamlopt 4.14 MSVC needs unmapped Y:/VS/ml64.exe; Bytes sieve; LSD radix 4x8; rerun median n=5 samples=[7.9, 8.2, 7.4, 7.8, 7.9]"
"OCaml","prime_sieve","implemented","compiled","AOT native","yes","yes","examples\ocaml","examples\ocaml\prime_sieve.ml","ocamlopt 5.5.0 (opam mingw64)","ocamlopt -O2","OCaml native / gcc (mingw64)","native","544","265","66.6","15.6","23.5","13172","8.1","10.7","0","0","2636","4040850","179298","337408","520802","OCaml","ocamlopt","","ocamlopt 5.5.0 via opam default switch (mingw64 gcc); DkML ocamlopt 4.14 MSVC needs unmapped Y:/VS/ml64.exe; Bytes sieve; LSD radix 4x8; rerun median n=5 samples=[10.7, 10.4, 13.5, 11.2, 10.0]"
"OCaml","sorting","implemented","compiled","AOT native","yes","yes","examples\ocaml","examples\ocaml\sorting.ml","ocamlopt 5.5.0 (opam mingw64)","ocamlopt -O2","OCaml native / gcc (mingw64)","native","1067","431","65.8","31.2","47.5","14028","8.1","21.2","0","0","2636","4041385","179227","337408","520731","OCaml","ocamlopt","","ocamlopt 5.5.0 via opam default switch (mingw64 gcc); DkML ocamlopt 4.14 MSVC needs unmapped Y:/VS/ml64.exe; Bytes sieve; LSD radix 4x8; rerun median n=5 samples=[20.1, 20.9, 23.2, 21.2, 21.3]"
"Perl","hello","implemented","interpreted","interpreted","yes","yes","examples\perl","examples\perl\hello.pl","Strawberry 5.42.2","perl","perl opcodes","perl","25","45","","","","","21.2","21.2","46.9","146","2652","46592","","178951050","178951050","","","","rerun median n=5 samples=[24.4, 22.5, 21.2, 12.9, 18.5]"
"Perl","fibonacci","implemented","interpreted","interpreted","yes","yes","examples\perl","examples\perl\fibonacci.pl","Strawberry 5.42.2","perl","perl opcodes","perl","96","99","","","","","21.2","13.6","15.6","53.4","2652","46592","","178951050","178951050","","","","rerun median n=5 samples=[13.6, 15.0, 14.0, 11.3, 11.7]"
"Perl","prime_sieve","implemented","interpreted","interpreted","yes","yes","examples\perl","examples\perl\prime_sieve.pl","Strawberry 5.42.2","perl","perl opcodes","perl","381","221","","","","","21.2","160.7","15.6","53.9","2652","46592","","178951050","178951050","","","","rerun median n=5 samples=[159.0, 158.0, 160.8, 160.7, 164.1]"
"Perl","sorting","implemented","interpreted","interpreted","yes","yes","examples\perl","examples\perl\sorting.pl","Strawberry 5.42.2","perl","perl opcodes","perl","311","207","","","","","21.2","334.3","46.9","164.6","2656","46592","","178951050","178951050","","","","rerun median n=5 samples=[332.5, 328.0, 338.3, 350.6, 334.3]"
"PHP","hello","implemented","interpreted","interpreted","yes","yes","examples\php","examples\php\hello.php","PHP 8.4.24 NTS","php","Zend opcodes","Zend","30","50","","","","","32.4","32.4","15.6","26.3","2552","183296","","95431215","95431215","","","","rerun median n=5 samples=[29.4, 36.2, 34.1, 32.4, 31.3]"
"PHP","fibonacci","implemented","interpreted","interpreted","yes","yes","examples\php","examples\php\fibonacci.php","PHP 8.4.24 NTS","php","Zend opcodes","Zend","126","113","","","","","32.4","24.3","46.9","164.7","2684","183296","","95431215","95431215","","","","rerun median n=5 samples=[33.4, 24.3, 27.6, 24.1, 23.6]"
"PHP","prime_sieve","implemented","interpreted","interpreted","yes","yes","examples\php","examples\php\prime_sieve.php","PHP 8.4.24 NTS","php","Zend opcodes","Zend","386","206","","","","","32.4","70.1","62.5","221.4","2684","183296","","95431215","95431215","","","","rerun median n=5 samples=[63.2, 62.6, 75.9, 74.8, 70.1]"
"PHP","sorting","implemented","interpreted","interpreted","yes","yes","examples\php","examples\php\sorting.php","PHP 8.4.24 NTS","php","Zend opcodes","Zend","283","191","","","","","32.4","248.3","31.2","110.2","2684","183296","","95431215","95431215","","","","rerun median n=5 samples=[245.7, 248.3, 250.8, 244.1, 253.4]"
"Python","hello","implemented","interpreted","interpreted","yes","yes","examples\python","examples\python\hello.py","CPython 3.13.15","python","CPython bytecode","CPython","78","86","","","","","17.2","17.2","","","20900","105696","","105696","105696","","","","wait-for-exit; rerun median n=5 samples=[18.4, 16.1, 17.2, 17.0, 21.6]"
"Python","fibonacci","implemented","interpreted","interpreted","yes","yes","examples\python","examples\python\fibonacci.py","CPython 3.13.15","python","CPython bytecode","CPython","139","117","","","","","17.2","15.3","","","20236","105696","","105696","105696","","","","exec remesured (pipe hang in batch run); rerun median n=5 samples=[15.4, 15.2, 15.3, 15.2, 15.3]"
"Python","prime_sieve","implemented","interpreted","interpreted","yes","yes","examples\python","examples\python\prime_sieve.py","CPython 3.13.15","python","CPython bytecode","CPython","367","231","","","","","17.2","20.0","","","20212","105696","","105696","105696","","","","bytearray slice assign; rerun median n=5 samples=[20.0, 20.7, 19.9, 20.0, 20.3]"
"Python","sorting","implemented","interpreted","interpreted","yes","yes","examples\python","examples\python\sorting.py","CPython 3.13.15","python","CPython bytecode","CPython","303","179","","","","","17.2","273.4","","","20192","105696","","105696","105696","","","","LCG + list.sort; was random.randint ~482ms wrong answers; rerun median n=5 samples=[274.4, 273.4, 273.5, 272.7, 272.9]"
"Ruby","hello","implemented","interpreted","interpreted","yes","yes","examples\ruby","examples\ruby\hello.rb","Ruby 3.4.10","ruby","YARV","MRI YARV","21","41","","","","","102.8","102.8","78.1","54","18404","38400","","116202656","116202656","","","","rerun median n=5 samples=[109.8, 102.6, 101.6, 103.1, 102.8]"
"Ruby","fibonacci","implemented","interpreted","interpreted","yes","yes","examples\ruby","examples\ruby\fibonacci.rb","Ruby 3.4.10","ruby","YARV","MRI YARV","54","68","","","","","102.8","101.2","125","101.7","16904","38400","","116202656","116202656","","","","rerun median n=5 samples=[101.5, 100.8, 103.5, 101.2, 99.3]"
"Ruby","prime_sieve","implemented","interpreted","interpreted","yes","yes","examples\ruby","examples\ruby\prime_sieve.rb","Ruby 3.4.10","ruby","YARV","MRI YARV","309","197","","","","","102.8","134.7","109.4","89.3","16668","38400","","116202656","116202656","","","","rerun median n=5 samples=[135.9, 136.2, 133.8, 134.7, 133.2]"
"Ruby","sorting","implemented","interpreted","interpreted","yes","yes","examples\ruby","examples\ruby\sorting.rb","Ruby 3.4.10","ruby","YARV","MRI YARV","205","168","","","","","102.8","816.6","93.8","77.3","16708","38400","","116202656","116202656","","","","rerun median n=5 samples=[816.6, 826.2, 807.6, 826.3, 806.9]"
"Rust","hello","implemented","compiled","AOT native","yes","yes","examples\rust","examples\rust\hello.rs","rustc 1.96.0-nightly","cargo --release","LLVM","native","45","63","","","","","4.4","4.4","0","0","2640","125440","60416","","125952","","","","rerun median n=5 samples=[9.6, 4.4, 4.4, 4.2, 4.1]"
"Rust","fibonacci","implemented","compiled","AOT native","yes","yes","examples\rust","examples\rust\fibonacci.rs","rustc 1.96.0-nightly","cargo --release","LLVM","native","189","131","","","","","4.4","4.2","15.6","41.1","2640","125952","60416","","125952","","","","rerun median n=5 samples=[9.2, 4.2, 4.2, 4.2, 4.3]"
"Rust","prime_sieve","implemented","compiled","AOT native","yes","yes","examples\rust","examples\rust\prime_sieve.rs","rustc 1.96.0-nightly","cargo --release","LLVM","native","486","262","","","","","4.4","5.5","0","0","2640","126464","60928","","126464","","","","rerun median n=5 samples=[10.7, 5.8, 5.5, 5.4, 5.3]"
"Rust","sorting","implemented","compiled","AOT native","yes","yes","examples\rust","examples\rust\sorting.rs","rustc 1.96.0-nightly","cargo --release","LLVM","native","1104","280","","","","","4.4","10.5","31.2","51.3","2640","1237556","65024","","133632","","","","rerun median n=5 samples=[11.1, 10.6, 10.5, 10.4, 10.1]"
"SQL (SQLite)","hello","implemented","bytecode","bytecode VM","yes","yes","examples\sql","examples\sql\hello.sql","sqlite3 3.51.1","sqlite3","SQLite bytecode","SQLite VDBE","24","44","","","","","15.9","15.9","0","0","3960","3897344","","0","","","","","rerun median n=5 samples=[16.8, 15.3, 20.8, 15.9, 11.6]"
"SQL (SQLite)","fibonacci","implemented","bytecode","bytecode VM","yes","yes","examples\sql","examples\sql\fibonacci.sql","sqlite3 3.51.1","sqlite3","SQLite bytecode","SQLite VDBE","143","123","","","","","15.9","10.4","0","0","3960","3897344","","0","","","","","rerun median n=5 samples=[10.8, 10.4, 10.2, 10.4, 11.5]"
"SQL (SQLite)","prime_sieve","implemented","bytecode","bytecode VM","yes","yes","examples\sql","examples\sql\prime_sieve.sql","sqlite3 3.51.1","sqlite3","SQLite bytecode","SQLite VDBE","951","445","","","","","15.9","1424.3","","","","3897344","","","","","","sieve is SQL join; exec time from earlier full run (batch .read likely aborted)","rerun median n=3 samples=[1426.9, 1423.5, 1424.3]"
"SQL (SQLite)","sorting","implemented","bytecode","bytecode VM","yes","yes","examples\sql","examples\sql\sorting.sql","sqlite3 3.51.1","sqlite3","SQLite bytecode","SQLite VDBE","526","313","","","","","15.9","454.3","0","0","3964","3897344","","0","","","","","rerun median n=5 samples=[447.4, 452.6, 456.7, 456.9, 454.3]"
"X86 Assembly (NASM)","hello","implemented","compiled","AOT native","yes","yes","examples\nasm","examples\nasm\hello.asm","nasm 3.02","nasm -f win64","nasm","native","475","291","89.2","15.6","26","2660","3.2","3.2","0","0","2636","107520","51712","","107520","X86 Assembly (nasm)","nasm","not installed","retimed; rerun median n=5 samples=[7.1, 3.4, 3.2, 3.2, 3.1]"
"X86 Assembly (NASM)","fibonacci","implemented","compiled","AOT native","yes","yes","examples\nasm","examples\nasm\fibonacci.asm","nasm 3.02","nasm -f win64","nasm","native","1022","448","50.2","31.2","101.3","2660","3.2","3.2","0","0","2636","107520","51712","","107520","X86 Assembly (nasm)","nasm","not installed","heapsort; rerun median n=5 samples=[7.2, 3.1, 3.1, 3.4, 3.2]"
"X86 Assembly (NASM)","prime_sieve","implemented","compiled","AOT native","yes","yes","examples\nasm","examples\nasm\prime_sieve.asm","nasm 3.02","nasm -f win64","nasm","native","1993","712","52.9","31.2","104.3","2660","3.2","5.1","0","0","2636","107520","51712","","107520","X86 Assembly (nasm)","nasm","not installed","retimed; rerun median n=5 samples=[8.0, 5.2, 5.1, 5.0, 4.9]"
"X86 Assembly (NASM)","sorting","implemented","compiled","AOT native","yes","yes","examples\nasm","examples\nasm\sorting.asm","nasm 3.02","nasm -f win64","nasm","native","3536","1197","51.6","15.6","51.4","11460","3.2","9.5","78.1","2","9288","108032","51712","","108032","X86 Assembly (nasm)","nasm","not installed","LSD radix retimed; rerun median n=5 samples=[12.0, 9.3, 10.2, 9.5, 9.5]"
"Zig","hello","implemented","compiled","AOT native","yes","yes","examples\zig","examples\zig\hello.zig","zig 0.16.0","zig build-exe -O ReleaseFast","LLVM","native","97","111","47.7","0","0","2640","3.3","3.3","0","0","2640","556032","206336","","803840","Zig","zig","not installed","ReleaseFast retimed; rerun median n=5 samples=[8.0, 3.4, 3.2, 3.3, 3.0]"
"Zig","fibonacci","implemented","compiled","AOT native","yes","yes","examples\zig","examples\zig\fibonacci.zig","zig 0.16.0","zig build-exe -O ReleaseFast","LLVM","native","271","185","25.6","0","0","2640","3.3","3.0","0","0","2644","803840","206336","","803840","Zig","zig","not installed","Zig 0.16 std; rerun median n=5 samples=[8.3, 3.0, 3.0, 3.0, 3.0]"
"Zig","prime_sieve","implemented","compiled","AOT native","yes","yes","examples\zig","examples\zig\prime_sieve.zig","zig 0.16.0","zig build-exe -O ReleaseFast","LLVM","native","677","325","26.3","0","0","2644","3.3","4.2","0","0","2640","563712","208384","","811520","Zig","zig","not installed","u8 sieve ReleaseFast; rerun median n=5 samples=[7.4, 4.2, 4.1, 4.1, 4.2]"
"Zig","sorting","implemented","compiled","AOT native","yes","yes","examples\zig","examples\zig\sorting.zig","zig 0.16.0","zig build-exe -O ReleaseFast","LLVM","native","488","317","25.5","0","0","2640","3.3","8.6","62.5","67.9","7068","567808","224256","","845824","Zig","zig","not installed","std.sort.pdq i32; was std.mem.sort ~92ms; rerun median n=5 samples=[67.1, 66.9, 66.9, 64.9, 64.1]; LSD radix 4x8; was comparison sort"
"Bash / POSIX sh","","not_implemented","interpreted","interpreted","no","no","","","","bash","shell","interpreter","","","","","","","","","","","","","","","","","","","not a bench language"
"Roto","","not_implemented","jit","JIT","no","no","","","","roto","Roto (Rust)","Roto","","","","","","","","","","","","","","","","Roto","roto","not installed","requested"
"Ante","","not_implemented","compiled","AOT native","no","no","","","","ante","LLVM","native","","","","","","","","","","","","","","","","Ante","ante","not installed","requested"
"TypeScript","hello","implemented","transpiled","transpiled+JIT","yes","yes","examples\typescript","examples\typescript\hello.ts","tsc + Node 25.6.1","tsc","TypeScript->JS","V8","30","50","549.8","","","","35.9","35.9","","","","95120384","","","","","","","tsc + node retimed; rerun median n=5 samples=[42.7, 42.2, 35.9, 34.9, 35.8]"
"TypeScript","fibonacci","implemented","transpiled","transpiled+JIT","yes","yes","examples\typescript","examples\typescript\fibonacci.ts","tsc + Node 25.6.1","tsc","TypeScript->JS","V8","123","111","549.8","","","","35.9","36.9","","","","95120384","","","","","","","rerun median n=5 samples=[36.9, 35.4, 37.3, 36.4, 36.9]"
"TypeScript","prime_sieve","implemented","transpiled","transpiled+JIT","yes","yes","examples\typescript","examples\typescript\prime_sieve.ts","tsc + Node 25.6.1","tsc","TypeScript->JS","V8","324","228","549.8","","","","35.9","42.4","","","","95120384","","","","","","","Uint8Array; was boolean[]; rerun median n=5 samples=[42.0, 42.4, 42.1, 43.0, 43.2]"
"TypeScript","sorting","implemented","transpiled","transpiled+JIT","yes","yes","examples\typescript","examples\typescript\sorting.ts","tsc + Node 25.6.1","tsc","TypeScript->JS","V8","274","229","549.8","","","","35.9","52.6","","","","95120384","","","","","","","Int32Array.sort; was boxed Array+compare ~226ms; rerun median n=5 samples=[91.8, 92.1, 92.1, 93.8, 94.9]; LSD radix 4x8; was comparison sort"
"Swift","hello","implemented","compiled","AOT native","yes","yes","examples\swift","examples\swift\hello.swift","swiftc 6.0.2","swiftc -O","LLVM","native","23","43","1211.2","","","","15.1","15.1","","","","20992","","","","","","","swiftc -O retimed; rerun median n=5 samples=[20.4, 13.6, 14.6, 15.1, 17.1]"
"Swift","fibonacci","implemented","compiled","AOT native","yes","yes","examples\swift","examples\swift\fibonacci.swift","swiftc 6.0.2","swiftc -O","LLVM","native","105","102","347.7","","","","15.1","13.9","","","","21504","","","","","","","rerun median n=5 samples=[19.0, 13.9, 14.5, 13.5, 13.6]"
"Swift","prime_sieve","implemented","compiled","AOT native","yes","yes","examples\swift","examples\swift\prime_sieve.swift","swiftc 6.0.2","swiftc -O","LLVM","native","615","230","408.2","","","","15.1","15.4","","","","22528","","","","","","","[UInt8] sieve; rerun median n=5 samples=[23.8, 18.3, 18.2, 18.6, 18.4]; odd-only byte buffer via UnsafeMutablePointer; was [UInt8] Array ~18.4ms"
"Swift","sorting","implemented","compiled","AOT native","yes","yes","examples\swift","examples\swift\sorting.swift","swiftc 6.0.2","swiftc -O","LLVM","native","263","210","793.9","","","","15.1","21.9","","","","26112","","","","","","","[Int32].sort; was [Int] 64-bit; rerun median n=5 samples=[83.8, 80.3, 78.4, 78.6, 80.1]; LSD radix 4x8; was comparison sort"
"Fortran","hello","implemented","compiled","AOT native","yes","yes","examples\fortran","examples\fortran\hello.f90","gfortran (Strawberry)","gfortran -O2","GCC","native","59","66","148.5","","","","6.4","6.4","","","","64783","","","","","","","gfortran retimed; rerun median n=5 samples=[13.3, 7.5, 6.1, 6.4, 6.0]"
"Fortran","fibonacci","implemented","compiled","AOT native","yes","yes","examples\fortran","examples\fortran\fibonacci.f90","gfortran (Strawberry)","gfortran -O2","GCC","native","204","144","132.6","","","","6.4","6.0","","","","64779","","","","","","","rerun median n=5 samples=[10.4, 6.0, 5.9, 6.0, 5.8]"
"Fortran","prime_sieve","implemented","compiled","AOT native","yes","yes","examples\fortran","examples\fortran\prime_sieve.f90","gfortran (Strawberry)","gfortran -O2","GCC","native","595","292","141.7","","","","6.4","9.6","","","","65669","","","","","","","retimed; csv 29.8ms harness floor; rerun median n=5 samples=[15.3, 10.1, 9.1, 9.6, 9.0]"
"Fortran","sorting","implemented","compiled","AOT native","yes","yes","examples\fortran","examples\fortran\sorting.f90","gfortran (Strawberry)","gfortran -O2","GCC","native","1004","468","137.1","","","","6.4","19.3","","","","65702","","","","","","","custom qsort retimed wait-for-exit; rerun median n=5 samples=[60.3, 56.8, 58.1, 57.6, 56.9]; LSD radix 4x8; was comparison sort"
"PowerShell","hello","implemented","interpreted","interpreted","yes","yes","examples\powershell","examples\powershell\hello.ps1","Windows PowerShell 5.1","powershell -File","CIL","CLR","29","49","","","","","165.4","165.4","","","","454656","","","","","","","rerun median n=5 samples=[159.8, 162.9, 185.4, 165.4, 168.2]"
"PowerShell","fibonacci","implemented","interpreted","interpreted","yes","yes","examples\powershell","examples\powershell\fibonacci.ps1","Windows PowerShell 5.1","powershell -File","CIL","CLR","131","116","","","","","165.4","173.2","","","","454656","","","","","","","rerun median n=5 samples=[176.2, 162.1, 173.2, 162.1, 179.1]"
"PowerShell","prime_sieve","implemented","interpreted","interpreted","yes","yes","examples\powershell","examples\powershell\prime_sieve.ps1","Windows PowerShell 5.1","powershell -File","CIL","CLR","609","228","","","","","165.4","213.9","","","","454656","","","","","","","rerun median n=5 samples=[224.9, 211.4, 222.3, 213.3, 213.9]"
"PowerShell","sorting","implemented","interpreted","interpreted","yes","yes","examples\powershell","examples\powershell\sorting.ps1","Windows PowerShell 5.1","powershell -File","CIL","CLR","1357","183","","","","","165.4","237.1","","","","454656","","","","","","","rerun median n=5 samples=[231.8, 237.1, 227.5, 241.4, 238.1]"
"Objective-C","hello","implemented","compiled","AOT native","yes","yes","examples\objc","examples\objc\hello.m","clang 17","clang -O2","LLVM","native","83","97","","","","","4.0","4.0","","","","110080","","","","","","","clang -O2 retimed; csv 118ms was harness; rerun median n=5 samples=[8.1, 4.1, 4.0, 3.6, 3.6]"
"Objective-C","fibonacci","implemented","compiled","AOT native","yes","yes","examples\objc","examples\objc\fibonacci.m","clang 17","clang -O2","LLVM","native","251","172","","","","","4.0","3.7","","","","139776","","","","","","","C-style .m; rerun median n=5 samples=[8.3, 3.7, 3.7, 3.6, 3.5]"
"Objective-C","prime_sieve","implemented","compiled","AOT native","yes","yes","examples\objc","examples\objc\prime_sieve.m","clang 17","clang -O2","LLVM","native","530","275","","","","","4.0","4.6","","","","140800","","","","","","","retimed; rerun median n=5 samples=[8.0, 4.6, 4.5, 4.6, 4.8]"
"Objective-C","sorting","implemented","compiled","AOT native","yes","yes","examples\objc","examples\objc\sorting.m","clang 17","clang -O2","LLVM","native","1357","341","","","","","4.0","9.7","","","","140800","","","","","","","typed introsort; was libc qsort ~87ms; rerun median n=5 samples=[52.9, 50.4, 51.0, 50.1, 50.6]; LSD radix 4x8; was comparison sort"
"Crystal","hello","implemented","compiled","AOT native","yes","yes","examples\crystal","examples\crystal\hello.cr","Crystal 1.21.0","crystal build --release","LLVM","native","21","41","3820.1","","","","9.1","9.1","","","","456192","","","","","","","retimed; rerun median n=5 samples=[14.5, 9.1, 8.9, 8.7, 9.3]"
"Crystal","fibonacci","implemented","compiled","AOT native","yes","yes","examples\crystal","examples\crystal\fibonacci.cr","Crystal 1.21.0","crystal build --release","LLVM","native","62","72","3706.3","","","","9.1","9.8","","","","457216","","","","","","","rerun median n=5 samples=[16.8, 8.6, 10.7, 9.7, 9.8]"
"Crystal","prime_sieve","implemented","compiled","AOT native","yes","yes","examples\crystal","examples\crystal\prime_sieve.cr","Crystal 1.21.0","crystal build --release","LLVM","native","316","207","3731.6","","","","9.1","11.5","","","","458240","","","","","","","retimed; rerun median n=5 samples=[16.0, 11.4, 11.1, 11.5, 11.6]"
"Crystal","sorting","implemented","compiled","AOT native","yes","yes","examples\crystal","examples\crystal\sorting.cr","Crystal 1.21.0","crystal build --release","LLVM","native","214","175","3774.3","","","","9.1","16.6","","","","460288","","","","","","","Array(Int32).sort! retimed; rerun median n=5 samples=[58.0, 54.4, 54.4, 54.6, 54.6]; LSD radix 4x8; was comparison sort"
"LuaJIT","hello","implemented","jit","JIT","yes","yes","examples\lua","examples\lua\hello.lua","LuaJIT 2.1.19907","luajit","Lua bytecode","LuaJIT DynASM","23","43","","","","","8.5","8.5","","","","294912","","","","Lua (luajit)","luajit","not installed","rerun median n=5 samples=[11.4, 14.1, 8.5, 5.4, 5.4]"
"LuaJIT","fibonacci","implemented","jit","JIT","yes","yes","examples\lua","examples\lua\fibonacci.lua","LuaJIT 2.1.19907","luajit","Lua bytecode","LuaJIT DynASM","78","85","","","","","8.5","7.2","","","","294912","","","","Lua (luajit)","luajit","not installed","rerun median n=5 samples=[15.6, 7.2, 5.1, 5.9, 12.8]"
"LuaJIT","prime_sieve","implemented","jit","JIT","yes","yes","examples\lua","examples\lua\prime_sieve.lua","LuaJIT 2.1.19907","luajit","Lua bytecode","LuaJIT DynASM","354","211","","","","","8.5","14.4","","","","294912","","","","Lua (luajit)","luajit","not installed","rerun median n=5 samples=[13.3, 15.4, 24.0, 14.4, 13.8]"
"LuaJIT","sorting","implemented","jit","JIT","yes","yes","examples\lua","examples\lua\sorting.lua","LuaJIT 2.1.19907","luajit","Lua bytecode","LuaJIT DynASM","839","198","","","","","8.5","42.9","","","","294912","","","","Lua (luajit)","luajit","not installed","rerun median n=5 samples=[39.3, 43.8, 42.9, 42.5, 43.8]"
"Scala","hello","implemented","jit","JIT","yes","yes","examples\scala","examples\scala\hello.scala","Scala CLI 1.15 / Scala 3.8.4","java -jar hello.jar","Scala JVM bytecode","HotSpot JVM","44","61","35145.4","","","","103.0","103.0","","","","50344","","","","","","","java -jar assembly; rerun median n=5 samples=[106.2, 101.9, 103.6, 102.6, 103.0]"
"Scala","fibonacci","implemented","jit","JIT","yes","yes","examples\scala","examples\scala\fibonacci.scala","Scala CLI 1.15 / Scala 3.8.4","scala-cli run","Scala JVM bytecode","HotSpot JVM","141","116","777.2","","","","103.0","102.9","","","","50344","","","","","","","java -jar; csv 777ms included scala-cli compile; rerun median n=5 samples=[101.7, 101.5, 103.7, 102.9, 106.9]"
"Scala","prime_sieve","implemented","jit","JIT","yes","yes","examples\scala","examples\scala\prime_sieve.scala","Scala CLI 1.15 / Scala 3.8.4","scala-cli run","Scala JVM bytecode","HotSpot JVM","408","214","772.4","","","","103.0","126.6","","","","50344","","","","","","","java -jar; csv 772ms included compile; rerun median n=5 samples=[126.6, 124.9, 127.2, 125.8, 127.8]"
"Scala","sorting","implemented","jit","JIT","yes","yes","examples\scala","examples\scala\sorting.scala","Scala CLI 1.15 / Scala 3.8.4","scala-cli run","Scala JVM bytecode","HotSpot JVM","297","221","748.5","","","","103.0","128.2","","","","50344","","","","","","","java -jar Arrays.sort; csv 748ms included compile; rerun median n=5 samples=[192.0, 192.2, 192.5, 194.7, 201.1]; LSD radix 4x8; was comparison sort"
"Groovy","hello","implemented","jit","JIT","yes","yes","examples\groovy","examples\groovy\hello.groovy","Groovy 4.0.32","groovy","Groovy JVM bytecode","HotSpot JVM","24","44","","","","","980.0","980.0","","","","1452","","","","","","","rerun median n=3 samples=[967.7, 991.9, 980.0]"
"Groovy","fibonacci","implemented","jit","JIT","yes","yes","examples\groovy","examples\groovy\fibonacci.groovy","Groovy 4.0.32","groovy","Groovy JVM bytecode","HotSpot JVM","97","92","","","","","980.0","1084.2","","","","1452","","","","","","","rerun median n=3 samples=[1112.4, 1074.7, 1084.2]"
"Groovy","prime_sieve","implemented","jit","JIT","yes","yes","examples\groovy","examples\groovy\prime_sieve.groovy","Groovy 4.0.32","groovy","Groovy JVM bytecode","HotSpot JVM","353","218","","","","","980.0","1399.1","","","","1452","","","","","","","rerun median n=3 samples=[1397.6, 1399.1, 1403.7]"
"Groovy","sorting","implemented","jit","JIT","yes","yes","examples\groovy","examples\groovy\sorting.groovy","Groovy 4.0.32","groovy","Groovy JVM bytecode","HotSpot JVM","245","194","","","","","980.0","1324.0","","","","1452","","","","","","","rerun median n=3 samples=[1288.4, 1342.8, 1324.0]"
"R","hello","implemented","interpreted","interpreted","yes","yes","examples\r","examples\r\hello.R","R 4.6.1","Rscript","GNU R","R","23","43","","","","","134.4","134.4","","","","154624","","","","R","Rscript","not installed","rerun median n=5 samples=[137.2, 139.1, 127.7, 134.4, 134.0]"
"R","fibonacci","implemented","interpreted","interpreted","yes","yes","examples\r","examples\r\fibonacci.R","R 4.6.1","Rscript","GNU R","R","96","98","","","","","134.4","143.1","","","","154624","","","","R","Rscript","not installed","rerun median n=5 samples=[132.5, 143.1, 150.3, 139.5, 144.4]"
"R","prime_sieve","implemented","interpreted","interpreted","yes","yes","examples\r","examples\r\prime_sieve.R","R 4.6.1","Rscript","GNU R","R","254","212","","","","","134.4","148.4","","","","154624","","","","R","Rscript","not installed","rerun median n=5 samples=[162.1, 149.2, 148.4, 142.7, 139.0]"
"R","sorting","implemented","interpreted","interpreted","yes","yes","examples\r","examples\r\sorting.R","R 4.6.1","Rscript","GNU R","R","300","152","","","","","134.4","354.0","","","","154624","","","","R","Rscript","not installed","rerun median n=5 samples=[361.4, 352.4, 354.0, 356.5, 352.0]"
"Tcl","hello","implemented","interpreted","interpreted","yes","yes","examples\tcl","examples\tcl\hello.tcl","Tcl 8.6.16","tclsh","Tcl bytecode","Tcl","21","41","","","","","11.9","11.9","","","","64000","","","","","","","rerun median n=5 samples=[24.4, 14.1, 11.9, 11.6, 11.6]"
"Tcl","fibonacci","implemented","interpreted","interpreted","yes","yes","examples\tcl","examples\tcl\fibonacci.tcl","Tcl 8.6.16","tclsh","Tcl bytecode","Tcl","127","113","","","","","11.9","11.8","","","","64000","","","","","","","rerun median n=5 samples=[11.9, 12.7, 11.8, 11.8, 11.5]"
"Tcl","prime_sieve","implemented","interpreted","interpreted","yes","yes","examples\tcl","examples\tcl\prime_sieve.tcl","Tcl 8.6.16","tclsh","Tcl bytecode","Tcl","409","203","","","","","11.9","781.3","","","","64000","","","","","","","rerun median n=5 samples=[772.4, 781.3, 764.4, 837.2, 827.0]"
"Tcl","sorting","implemented","interpreted","interpreted","yes","yes","examples\tcl","examples\tcl\sorting.tcl","Tcl 8.6.16","tclsh","Tcl bytecode","Tcl","293","199","","","","","11.9","829.5","","","","64000","","","","","","","rerun median n=5 samples=[848.6, 841.0, 823.8, 816.6, 829.5]"
"BASIC (FreeBASIC)","hello","implemented","compiled","AOT native","yes","yes","examples\freebasic","examples\freebasic\hello.bas","FreeBASIC 1.10.1","fbc64 -gen gcc -O 3","C (MinGW-w64 gcc 9.3)","native","22","42","76.7","","","","4.0","4.0","","","","29184","","","","BASIC (FreeBASIC)","fbc","not installed","win64 fbc; rerun median n=5 samples=[5.9, 4.1, 4.0, 4.0, 3.6]"
"BASIC (FreeBASIC)","fibonacci","implemented","compiled","AOT native","yes","yes","examples\freebasic","examples\freebasic\fibonacci.bas","FreeBASIC 1.10.1","fbc64 -gen gcc -O 3","C (MinGW-w64 gcc 9.3)","native","117","108","53.6","","","","3.7","3.7","","","","28160","","","","BASIC (FreeBASIC)","fbc","not installed","win64 fbc; rerun median n=5 samples=[3.7, 3.7, 3.6, 3.6, 3.7]"
"BASIC (FreeBASIC)","prime_sieve","implemented","compiled","AOT native","yes","yes","examples\freebasic","examples\freebasic\prime_sieve.bas","FreeBASIC 1.10.1","fbc64 -gen gcc -O 3","C (MinGW-w64 gcc 9.3)","native","440","230","53.6","","","","4.9","5.0","","","","31232","","","","BASIC (FreeBASIC)","fbc","not installed","win64 fbc; rerun median n=5 samples=[4.9, 5.0, 5.1, 5.2, 4.9]"
"BASIC (FreeBASIC)","sorting","implemented","compiled","AOT native","yes","yes","examples\freebasic","examples\freebasic\sorting.bas","FreeBASIC 1.10.1","fbc64 -gen gcc -O 3","C (MinGW-w64 gcc 9.3)","native","1125","524","146.2","","","","11.2","11.3","","","","31232","","","","BASIC (FreeBASIC)","fbc","not installed","LSD radix 4x8, ULong (32-bit keys), pointer walks, win64 gcc -O3; was 13.1ms win32 UInteger; median n=5 samples=[11.2, 11.3, 29.1, 11.6, 11.1]"
"Raku","hello","implemented","bytecode","VM","yes","yes","examples\raku","examples\raku\hello.raku","Rakudo 2026.07","raku","MoarVM","MoarVM","21","41","","","","","141.1","141.1","","","","150016","","","","","","","rerun median n=3 samples=[145.6, 141.1, 141.1]"
"Raku","fibonacci","implemented","bytecode","VM","yes","yes","examples\raku","examples\raku\fibonacci.raku","Rakudo 2026.07","raku","MoarVM","MoarVM","82","84","","","","","141.1","150.1","","","","150016","","","","","","","rerun median n=3 samples=[150.1, 149.3, 152.4]"
"Raku","prime_sieve","implemented","bytecode","VM","yes","yes","examples\raku","examples\raku\prime_sieve.raku","Rakudo 2026.07","raku","MoarVM","MoarVM","380","214","","","","","141.1","469.7","","","","150016","","","","","","","rerun median n=3 samples=[469.7, 464.9, 474.3]"
"Raku","sorting","implemented","bytecode","VM","yes","yes","examples\raku","examples\raku\sorting.raku","Rakudo 2026.07","raku","MoarVM","MoarVM","243","184","","","","","141.1","1661.7","","","","150016","","","","","","","rerun median n=3 samples=[1662.0, 1644.2, 1661.7]"
"Prolog","hello","implemented","interpreted","interpreted","yes","yes","examples\prolog","examples\prolog\hello.pl","SWI-Prolog 10.0.2","swipl","WAM","SWI-Prolog","71","84","","","","","52.0","52.0","","","","15872","","","","","","","rerun median n=5 samples=[50.9, 53.5, 52.9, 51.9, 52.0]"
"Prolog","fibonacci","implemented","interpreted","interpreted","yes","yes","examples\prolog","examples\prolog\fibonacci.pl","SWI-Prolog 10.0.2","swipl","WAM","SWI-Prolog","179","143","","","","","52.0","49.5","","","","15872","","","","","","","rerun median n=5 samples=[47.8, 50.0, 49.5, 47.4, 51.2]"
"Prolog","prime_sieve","implemented","interpreted","interpreted","yes","yes","examples\prolog","examples\prolog\prime_sieve.pl","SWI-Prolog 10.0.2","swipl","WAM","SWI-Prolog","1838","641","","","","","52.0","737.8","","","","15872","","","","","","","rerun median n=5 samples=[737.8, 746.3, 732.3, 732.9, 739.0]"
"Prolog","sorting","implemented","interpreted","interpreted","yes","yes","examples\prolog","examples\prolog\sorting.pl","SWI-Prolog 10.0.2","swipl","WAM","SWI-Prolog","428","290","","","","","52.0","648.8","","","","15872","","","","","","","rerun median n=5 samples=[659.5, 634.5, 657.3, 644.3, 648.8]"
"V","hello","implemented","compiled","AOT native","yes","yes","examples\v","examples\v\hello.v","V","v -prod","C/native","native","40","60","688","","","","5.2","5.2","","","","29184","16896","","29184","","","","GitHub windows zip; rerun median n=5 samples=[13.9, 6.0, 5.1, 5.2, 5.1]"
"V","fibonacci","implemented","compiled","AOT native","yes","yes","examples\v","examples\v\fibonacci.v","V","v -prod","C/native","native","116","112","522","","","","5.2","5.4","","","","29184","16896","","29184","","","","rerun median n=5 samples=[9.6, 5.4, 5.3, 5.5, 5.1]"
"V","prime_sieve","implemented","compiled","AOT native","yes","yes","examples\v","examples\v\prime_sieve.v","V","v -prod","C/native","native","378","231","522","","","","5.2","6.8","","","","31232","17408","","31232","","","","rerun median n=5 samples=[11.5, 6.8, 6.8, 6.8, 6.7]"
"V","sorting","implemented","compiled","AOT native","yes","yes","examples\v","examples\v\sorting.v","V","v -prod","C/native","native","257","205","526","","","","5.2","17.9","","","","31232","17920","","31232","","","","rerun median n=5 samples=[119.4, 112.0, 111.8, 115.0, 111.3]; LSD radix 4x8; was comparison sort"
"Wren","hello","implemented","bytecode","bytecode VM","yes","yes","examples\wren","examples\wren\hello.wren","wren-cli 0.4.0","wren_cli","Wren bytecode","Wren VM","30","50","","","","","17.4","17.4","","","","849920","","","","Wren","wren","not installed","rerun median n=5 samples=[26.4, 20.7, 17.4, 13.4, 13.6]"
"Wren","fibonacci","implemented","bytecode","bytecode VM","yes","yes","examples\wren","examples\wren\fibonacci.wren","wren-cli 0.4.0","wren_cli","Wren bytecode","Wren VM","94","99","","","","","17.4","12.7","","","","849920","","","","","","","rerun median n=5 samples=[16.0, 15.1, 12.5, 11.5, 12.7]"
"Wren","prime_sieve","implemented","bytecode","bytecode VM","yes","yes","examples\wren","examples\wren\prime_sieve.wren","wren-cli 0.4.0","wren_cli","Wren bytecode","Wren VM","391","218","","","","","17.4","92.2","","","","849920","","","","","","","rerun median n=5 samples=[92.2, 91.0, 102.4, 90.7, 92.5]"
"Wren","sorting","implemented","bytecode","bytecode VM","yes","yes","examples\wren","examples\wren\sorting.wren","wren-cli 0.4.0","wren_cli","Wren bytecode","Wren VM","1100","329","","","","","17.4","752.5","","","","849920","","","","","","","rerun median n=5 samples=[752.5, 756.7, 766.1, 748.7, 747.2]"
"Starlark","hello","implemented","interpreted","interpreted","yes","yes","examples\starlark","examples\starlark\hello.star","go.starlark.net","starlark","Starlark","Starlark-go","23","43","","","","","9.4","9.4","","","","6143488","","","","Starlark","starlark","not installed","rerun median n=5 samples=[9.4, 14.2, 9.9, 8.3, 7.5]"
"Starlark","fibonacci","implemented","interpreted","interpreted","yes","yes","examples\starlark","examples\starlark\fibonacci.star","go.starlark.net","starlark","Starlark","Starlark-go","125","101","","","","","9.4","8.0","","","","6143488","","","","","","","rerun median n=5 samples=[7.7, 10.5, 8.8, 7.3, 8.0]"
"Starlark","prime_sieve","implemented","interpreted","interpreted","yes","yes","examples\starlark","examples\starlark\prime_sieve.star","go.starlark.net","starlark","Starlark","Starlark-go","409","203","","","","","9.4","179.0","","","","6143488","","","","","","","rerun median n=5 samples=[178.7, 178.2, 179.4, 179.0, 179.9]"
"Starlark","sorting","implemented","interpreted","interpreted","yes","yes","examples\starlark","examples\starlark\sorting.star","go.starlark.net","starlark","Starlark","Starlark-go","297","195","","","","","9.4","911.2","","","","6143488","","","","","","","rerun median n=5 samples=[903.6, 911.2, 925.7, 909.9, 918.9]"
"Rhai","hello","implemented","interpreted","interpreted","yes","yes","examples\rhai","examples\rhai\hello.rhai","rhai 1.25","rhai_run","Rhai AST","Rhai","24","44","","","","","5.1","5.1","","","","3908096","","","","Rhai","rhai","not installed","tools\rhai_run; rerun median n=5 samples=[21.6, 5.4, 5.1, 5.0, 4.8]"
"Rhai","fibonacci","implemented","interpreted","interpreted","yes","yes","examples\rhai","examples\rhai\fibonacci.rhai","rhai 1.25","rhai_run","Rhai AST","Rhai","96","95","","","","","5.1","4.9","","","","3908096","","","","","","","rerun median n=5 samples=[7.4, 4.9, 4.7, 5.3, 4.8]"
"Rhai","prime_sieve","implemented","interpreted","interpreted","yes","yes","examples\rhai","examples\rhai\prime_sieve.rhai","rhai 1.25","rhai_run","Rhai AST","Rhai","414","213","","","","","5.1","546.8","","","","3908096","","","","","","","rerun median n=5 samples=[541.8, 545.5, 551.3, 546.8, 561.3]"
"Rhai","sorting","implemented","interpreted","interpreted","yes","yes","examples\rhai","examples\rhai\sorting.rhai","rhai 1.25","rhai_run","Rhai AST","Rhai","237","193","","","","","5.1","442.6","","","","3908096","","","","","","","rerun median n=5 samples=[441.4, 447.4, 439.8, 442.6, 448.8]"
"Free Pascal","hello","implemented","compiled","AOT native","yes","yes","examples\pascal","examples\pascal\hello.pas","FPC 3.2.2","fpc -O2","FPC","native","54","71","111.9","","","","7.3","7.3","","","","34304","16896","","34304","","","","rerun median n=5 samples=[15.3, 7.3, 6.9, 6.6, 7.4]"
"Free Pascal","fibonacci","implemented","compiled","AOT native","yes","yes","examples\pascal","examples\pascal\fibonacci.pas","FPC 3.2.2","fpc -O2","FPC","native","181","141","37.5","","","","7.3","6.9","","","","34816","17408","","34816","","","","rerun median n=5 samples=[14.5, 6.8, 6.9, 7.1, 6.5]"
"Free Pascal","prime_sieve","implemented","compiled","AOT native","yes","yes","examples\pascal","examples\pascal\prime_sieve.pas","FPC 3.2.2","fpc -O2","FPC","native","541","276","38.4","","","","7.3","8.8","","","","34816","17408","","34816","","","","rerun median n=5 samples=[15.4, 8.8, 9.3, 8.5, 8.8]"
"Free Pascal","sorting","implemented","compiled","AOT native","yes","yes","examples\pascal","examples\pascal\sorting.pas","FPC 3.2.2","fpc -O2","FPC","native","799","414","39.0","","","","7.3","15.5","","","","37888","18432","","37888","","","","rerun median n=5 samples=[76.5, 69.5, 70.1, 69.1, 71.0]; LSD radix 4x8; was comparison sort"
"Ada","hello","implemented","compiled","AOT native","yes","yes","examples\ada","examples\ada\hello.adb","GNAT FSF 15.3","gnatmake -O2","GCC","native","102","104","364.5","","","","4.0","4.0","","","","1586281","745577","","1586281","","","","rerun median n=5 samples=[10.7, 4.0, 3.8, 3.7, 4.2]"
"Ada","fibonacci","implemented","compiled","AOT native","yes","yes","examples\ada","examples\ada\fibonacci.adb","GNAT FSF 15.3","gnatmake -O2","GCC","native","301","196","264.9","","","","4.0","4.0","","","","1728297","804137","","1728297","","","","rerun median n=5 samples=[9.7, 4.1, 3.9, 4.0, 3.7]"
"Ada","prime_sieve","implemented","compiled","AOT native","yes","yes","examples\ada","examples\ada\prime_sieve.adb","GNAT FSF 15.3","gnatmake -O2","GCC","native","715","343","284.9","","","","4.0","6.2","","","","1586812","746108","","1586812","","","","rerun median n=5 samples=[11.5, 5.6, 6.2, 5.7, 6.7]"
"Ada","sorting","implemented","compiled","AOT native","yes","yes","examples\ada","examples\ada\sorting.adb","GNAT FSF 15.3","gnatmake -O2","GCC","native","1064","481","290.6","","","","4.0","12.8","","","","1587360","746656","","1587360","","","","rerun median n=5 samples=[65.7, 60.9, 60.4, 61.2, 59.5]; LSD radix 4x8; was comparison sort"
"Monkey","hello","implemented","interpreted","interpreted","yes","yes","examples\monkey","examples\monkey\hello.monkey","custom interpreter (Go)","monkey.exe","tree-walk","Go","22","42","","","","","7.8","7.8","","","","2710528","","","","Monkey","monkey","not installed","Writing An Interpreter In Go subset; rerun median n=5 samples=[20.4, 7.8, 7.3, 7.4, 10.0]"
"Monkey","fibonacci","implemented","interpreted","interpreted","yes","yes","examples\monkey","examples\monkey\fibonacci.monkey","custom interpreter (Go)","monkey.exe","tree-walk","Go","124","102","","","","","7.8","6.7","","","","2710528","","","","","","","rerun median n=5 samples=[7.4, 6.8, 6.3, 6.7, 6.4]"
"Monkey","prime_sieve","implemented","interpreted","interpreted","yes","yes","examples\monkey","examples\monkey\prime_sieve.monkey","custom interpreter (Go)","monkey.exe","tree-walk","Go","425","214","","","","","7.8","322.0","","","","2710528","","","","","","","rerun median n=5 samples=[322.0, 322.8, 321.8, 319.2, 324.8]"
"Monkey","sorting","implemented","interpreted","interpreted","yes","yes","examples\monkey","examples\monkey\sorting.monkey","custom interpreter (Go)","monkey.exe","tree-walk","Go","299","207","","","","","7.8","388.7","","","","2710528","","","","","","","rerun median n=5 samples=[392.6, 380.3, 383.2, 388.7, 393.4]"
"Scheme","hello","implemented","interpreted","interpreted","yes","yes","examples\scheme","examples\scheme\hello.scm","CHICKEN 5.4.0 csi","csi -s","C (CHICKEN)","CHICKEN","36","56","","","","","16.6","16.6","","","","263946","","","","","","","rerun median n=5 samples=[27.3, 22.9, 16.2, 15.4, 16.6]"
"Scheme","fibonacci","implemented","interpreted","interpreted","yes","yes","examples\scheme","examples\scheme\fibonacci.scm","CHICKEN 5.4.0 csi","csi -s","C (CHICKEN)","CHICKEN","97","98","","","","","16.6","19.4","","","","263946","","","","","","","rerun median n=5 samples=[29.2, 19.8, 19.2, 19.4, 17.7]"
"Scheme","prime_sieve","implemented","interpreted","interpreted","yes","yes","examples\scheme","examples\scheme\prime_sieve.scm","CHICKEN 5.4.0 csi","csc -O5 -fixnum-arithmetic","C (CHICKEN)","CHICKEN","782","341","","","","","16.6","14.3","","","","72451","","","","","","","rerun median n=5 samples=[17.3, 13.3, 15.1, 14.3, 13.8]"
"Scheme","sorting","implemented","interpreted","interpreted","yes","yes","examples\scheme","examples\scheme\sorting.scm","CHICKEN 5.4.0 csi","csc -O5 -fixnum-arithmetic","C (CHICKEN)","CHICKEN","1593","336","","","","","16.6","54.9","","","","76515","","","","","","","rerun median n=5 samples=[55.9, 53.7, 62.5, 54.9, 53.4]"
"Forth","hello","implemented","interpreted","interpreted","yes","yes","examples\forth","examples\forth\hello.fs","Gforth 0.7.0","gforth","Forth VM","Gforth","25","45","","","","","27.3","27.3","","","","129424","","","","","","","rerun median n=5 samples=[32.6, 27.3, 28.0, 26.4, 26.6]"
"Forth","fibonacci","implemented","interpreted","interpreted","yes","yes","examples\forth","examples\forth\fibonacci.fs","Gforth 0.7.0","gforth","Forth VM","Gforth","79","90","","","","","27.3","27.5","","","","129424","","","","","","","rerun median n=5 samples=[28.6, 27.5, 30.6, 26.1, 26.2]"
"Forth","prime_sieve","implemented","interpreted","interpreted","yes","yes","examples\forth","examples\forth\prime_sieve.fs","Gforth 0.7.0","gforth","Forth VM","Gforth","489","274","","","","","27.3","46.1","","","","129424","","","","","","","rerun median n=3 samples=[46.1, 46.0, 47.2]"
"Forth","sorting","implemented","interpreted","interpreted","yes","yes","examples\forth","examples\forth\sorting.fs","Gforth 0.7.0","gforth","Forth VM","Gforth","1043","","","","","","27.3","146.5","","","","129424","","","","","","","gforth hung on 1e6 sort; killed after ~10 min; sieve is 41.8ms; rerun median n=3 samples=[146.4, 147.5, 146.5]"
"Octave","hello","implemented","interpreted","interpreted","yes","yes","examples\octave","examples\octave\hello.m","Octave 11.3.0 portable","octave-cli","Octave","Octave","27","47","","","","","533.5","533.5","","","","26112","","","","","","","first-run startup; rerun median n=3 samples=[719.2, 528.8, 533.5]"
"Octave","fibonacci","implemented","interpreted","interpreted","yes","yes","examples\octave","examples\octave\fibonacci.m","Octave 11.3.0 portable","octave-cli","Octave","Octave","92","96","","","","","533.5","535.3","","","","26112","","","","","","","rerun median n=3 samples=[545.9, 535.3, 524.1]"
"Octave","prime_sieve","implemented","interpreted","interpreted","yes","yes","examples\octave","examples\octave\prime_sieve.m","Octave 11.3.0 portable","octave-cli","Octave","Octave","264","180","","","","","533.5","535.7","","","","26112","","","","","","","rerun median n=3 samples=[535.7, 528.0, 553.6]"
"Octave","sorting","implemented","interpreted","interpreted","yes","yes","examples\octave","examples\octave\sorting.m","Octave 11.3.0 portable","octave-cli","Octave","Octave","537","370","","","","","533.5","3848.4","","","","26112","","","","","","","uint32 LCG fill; first=3842 last=2147480074; was ~10817ms; rerun median n=3 samples=[3848.4, 3898.0, 3825.8]"
"Red","hello","implemented","compiled","AOT native","yes","yes","examples\red","examples\red\hello.red","Red 0.6.6 toolchain","red-toolchain -c","Red/System","native","43","60","34847","","","","138.4","138.4","","","","99328","","","","Red","red","not installed","red-cli interpret 23ms; compiled exe 232ms; first toolchain compile includes libRedRT; rerun median n=5 samples=[168.0, 138.4, 125.0, 125.1, 139.4]"
"Red","fibonacci","implemented","compiled","AOT native","yes","yes","examples\red","examples\red\fibonacci.red","Red 0.6.6 toolchain","red-toolchain -c","Red/System","native","90","98","784","","","","138.4","126.6","","","","100352","","","","Red","red","not installed","cli 20.7ms; exe 205ms; rerun median n=5 samples=[132.8, 123.8, 126.6, 122.9, 139.1]"
"Red","prime_sieve","implemented","compiled","AOT native","yes","yes","examples\red","examples\red\prime_sieve.red","Red 0.6.6 toolchain","red-toolchain -c","Red/System","native","480","263","923","","","","138.4","667.9","","","","102912","","","","Red","red","not installed","vector! integer; compiled exe ~750ms 78498; cli ~1200ms; rerun median n=5 samples=[695.1, 666.9, 666.8, 667.9, 668.9]"
"Red","sorting","implemented","compiled","AOT native","yes","yes","examples\red","examples\red\sorting.red","Red 0.6.6 toolchain","red-toolchain -c","Red/System","native","315","229","917","","","","138.4","1873.5","","","","101888","","","","Red","red","not installed","vector! + sort; compiled ~1900ms first=3842 last=2147480074; rerun median n=5 samples=[1870.1, 1889.2, 1878.6, 1873.5, 1861.8]"
"o3-monkey","hello","implemented","interpreted","interpreted","yes","yes","examples\o3-monkey","examples\o3-monkey\hello.monkey","o3-monkey (Rust tree-walk)","o3-monkey.exe","tree-walk AST","o3-monkey","22","42","1390","","","","3.4","3.4","0","0","0","109056","","","109056","o3-monkey","o3-monkey","","C:\Build\o3-monkey; while + assignment; rerun median n=5 samples=[7.3, 3.4, 3.2, 3.3, 3.5]"
"o3-monkey","fibonacci","implemented","interpreted","interpreted","yes","yes","examples\o3-monkey","examples\o3-monkey\fibonacci.monkey","o3-monkey (Rust tree-walk)","o3-monkey.exe","tree-walk AST","o3-monkey","158","120","","","","","3.4","3.3","15.6","43.4","2652","109056","","","109056","","","","42 iterations via while; rerun median n=5 samples=[3.4, 3.3, 3.4, 3.2, 3.3]"
"o3-monkey","prime_sieve","implemented","interpreted","interpreted","yes","yes","examples\o3-monkey","examples\o3-monkey\prime_sieve.monkey","o3-monkey (Rust tree-walk)","o3-monkey.exe","tree-walk AST","o3-monkey","471","238","","","","","3.4","7.1","0","0","2652","109056","","","109056","","","","n=400 trial division (not 1e6); rerun median n=5 samples=[7.1]"
"o3-monkey","sorting","implemented","interpreted","interpreted","yes","yes","examples\o3-monkey","examples\o3-monkey\sorting.monkey","o3-monkey (Rust tree-walk)","o3-monkey.exe","tree-walk AST","o3-monkey","1690","487","","","","","3.4","12.1","15.6","55.5","2652","109056","","","109056","","","","n=100 mergesort (not 1e6); rerun median n=5"
"COBOL","hello","source_only","","","yes","no","examples\cobol","examples\cobol\hello.cob","","","","","142","","","","","","","","","","","20795","","","","","","","exe present but missing GnuCOBOL runtime (exit 0xC0000139 STATUS_ENTRYPOINT_NOT_FOUND)"
"COBOL","fibonacci","source_only","","","yes","no","examples\cobol","examples\cobol\fibonacci.cob","","","","","513","","","","","","","","","","","21548","","","","","","","exe present but missing GnuCOBOL runtime (exit 0xC0000139 STATUS_ENTRYPOINT_NOT_FOUND)"
"COBOL","prime_sieve","source_only","","","yes","no","examples\cobol","examples\cobol\prime_sieve.cob","","","","","1070","","","","","","","","","","","22131","","","","","","","exe present but missing GnuCOBOL runtime (exit 0xC0000139 STATUS_ENTRYPOINT_NOT_FOUND)"
"COBOL","sorting","source_only","","","yes","no","examples\cobol","examples\cobol\sorting.cob","","","","","1077","","","","","","","","","","","23286","","","","","","","exe present but missing GnuCOBOL runtime (exit 0xC0000139 STATUS_ENTRYPOINT_NOT_FOUND)"
"wgpu","hello","implemented","","","yes","yes","examples\wgpu","examples\wgpu\hello.rs","","","","","85","","","","","","618.2","618.2","","","","5285376","","","","","","","rerun median n=3 samples=[811.1, 618.2, 611.1]"
"wgpu","fibonacci","implemented","","","yes","yes","examples\wgpu","examples\wgpu\fibonacci.rs","","","","","581","","","","","","618.2","591.8","","","","6746624","","","","","","","rerun median n=3 samples=[825.7, 591.8, 575.5]"
"wgpu","prime_sieve","implemented","","","yes","yes","examples\wgpu","examples\wgpu\prime_sieve.rs","","","","","2232","","","","","","618.2","687.8","","","","6751232","","","","","","","rerun median n=3 samples=[838.8, 594.3, 687.8]"
"wgpu","sorting","implemented","","","yes","yes","examples\wgpu","examples\wgpu\sorting.rs","","","","","1623","","","","","","618.2","715.1","","","","6750720","","","","","","","rerun median n=3 samples=[795.2, 665.8, 715.1]"
"Vulkan Compute","hello","implemented","","","yes","yes","examples\vulkan","examples\vulkan\hello.rs","","","","","83","","","","","","187.5","187.5","","","","243200","","","","","","","rerun median n=3 samples=[173.9, 204.7, 187.5]"
"Vulkan Compute","fibonacci","implemented","","","yes","yes","examples\vulkan","examples\vulkan\fibonacci.rs","","","","","602","","","","","","187.5","185.5","","","","2372096","","","","","","","rerun median n=3 samples=[183.4, 185.5, 203.4]"
"Vulkan Compute","prime_sieve","implemented","","","yes","yes","examples\vulkan","examples\vulkan\prime_sieve.rs","","","","","2007","","","","","","187.5","205.6","","","","2375680","","","","","","","rerun median n=3 samples=[258.3, 205.6, 186.4]"
"Vulkan Compute","sorting","implemented","","","yes","yes","examples\vulkan","examples\vulkan\sorting.rs","","","","","1776","","","","","","187.5","297.5","","","","2375168","","","","","","","rerun median n=3 samples=[305.9, 281.7, 297.5]"
"GPU Assembly (PTX sm_86)","hello","implemented","","","yes","yes","examples\ptx","examples\ptx\hello.ptx","","","","","767","","","","","","91.0","91.0","","","","152064","","","","","","","rerun median n=3 samples=[147.7, 85.9, 91.0]"
"GPU Assembly (PTX sm_86)","fibonacci","implemented","","","yes","yes","examples\ptx","examples\ptx\fibonacci.ptx","","","","","768","","","","","","91.0","86.9","","","","152064","","","","","","","rerun median n=3 samples=[85.7, 92.4, 86.9]"
"GPU Assembly (PTX sm_86)","prime_sieve","implemented","","","yes","yes","examples\ptx","examples\ptx\prime_sieve.ptx","","","","","2084","","","","","","91.0","93.7","","","","152064","","","","","","","rerun median n=3 samples=[95.7, 88.5, 93.7]"
"GPU Assembly (PTX sm_86)","sorting","implemented","","","yes","yes","examples\ptx","examples\ptx\sorting.ptx","","","","","1379","","","","","","91.0","101.1","","","","152064","","","","","","","rerun median n=3 samples=[104.3, 99.1, 101.1]"
"C# (JIT)","hello","implemented","jit","JIT","yes","yes","examples\csharp","examples\csharp\hello\Program.cs",".NET 10 RyuJIT","dotnet build -c Release","IL + RyuJIT","CLR","112","","","","","","20.9","20.9","","","","162304","","","","","","","JIT/AOT pair; Hello, World!"
"C# (JIT)","fibonacci","implemented","jit","JIT","yes","yes","examples\csharp","examples\csharp\fibonacci\Program.cs",".NET 10 RyuJIT","dotnet build -c Release","IL + RyuJIT","CLR","271","","","","","","20.9","21.0","","","","162304","","","","","","","JIT/AOT pair; 267914296"
"C# (JIT)","prime_sieve","implemented","jit","JIT","yes","yes","examples\csharp","examples\csharp\prime_sieve\Program.cs",".NET 10 RyuJIT","dotnet build -c Release","IL + RyuJIT","CLR","659","","","","","","20.9","30.3","","","","162304","","","","","","","JIT/AOT pair; Primes up to 1000000: 78498"
"C# (JIT)","sorting","implemented","jit","JIT","yes","yes","examples\csharp","examples\csharp\sorting\Program.cs",".NET 10 RyuJIT","dotnet build -c Release","IL + RyuJIT","CLR","1248","","","","","","20.9","34.0","","","","162304","","","","","","","JIT/AOT pair; Sorted 1000000 integers: first=3842, last=2147480074"
"F# (AOT)","hello","implemented","compiled","AOT native","yes","yes","examples\fsharp","examples\fsharp\hello\Program.fs",".NET 10 Native AOT","dotnet publish PublishAot","ILCompiler","native","86","","","","","","7.5","7.5","","","","955392","","","","","","","JIT/AOT pair; Hello, World!"
"F# (AOT)","fibonacci","implemented","compiled","AOT native","yes","yes","examples\fsharp","examples\fsharp\fibonacci\Program.fs",".NET 10 Native AOT","dotnet publish PublishAot","ILCompiler","native","197","","","","","","7.5","7.2","","","","956928","","","","","","","JIT/AOT pair; 267914296"
"F# (AOT)","prime_sieve","implemented","compiled","AOT native","yes","yes","examples\fsharp","examples\fsharp\prime_sieve\Program.fs",".NET 10 Native AOT","dotnet publish PublishAot","ILCompiler","native","760","","","","","","7.5","8.8","","","","2171392","","","","","","","JIT/AOT pair; Primes up to 1000000: 78498"
"F# (AOT)","sorting","implemented","compiled","AOT native","yes","yes","examples\fsharp","examples\fsharp\sorting\Program.fs",".NET 10 Native AOT","dotnet publish PublishAot","ILCompiler","native","1033","","","","","","7.5","14.7","","","","2171904","","","","","","","JIT/AOT pair; Sorted 1000000 integers: first=3842, last=2147480074"
"Dart (JIT)","hello","implemented","jit","JIT","yes","yes","examples\dart","examples\dart\hello.dart","Dart 3.12.2 VM","dart run","Dart JIT","Dart VM","42","","","","","","499.3","499.3","","","","","","","","","","","JIT/AOT pair; Hello, World!"
"Dart (JIT)","fibonacci","implemented","jit","JIT","yes","yes","examples\dart","examples\dart\fibonacci.dart","Dart 3.12.2 VM","dart run","Dart JIT","Dart VM","153","","","","","","499.3","479.7","","","","","","","","","","","JIT/AOT pair; 267914296"
"Dart (JIT)","prime_sieve","implemented","jit","JIT","yes","yes","examples\dart","examples\dart\prime_sieve.dart","Dart 3.12.2 VM","dart run","Dart JIT","Dart VM","426","","","","","","499.3","509.7","","","","","","","","","","","JIT/AOT pair; Primes up to 1000000: 78498"
"Dart (JIT)","sorting","implemented","jit","JIT","yes","yes","examples\dart","examples\dart\sorting.dart","Dart 3.12.2 VM","dart run","Dart JIT","Dart VM","957","","","","","","499.3","562.9","","","","","","","","","","","JIT/AOT pair; Sorted 1000000 integers: first=3842, last=2147480074"
"HolyC (clang)","hello","implemented","compiled","transpiled AOT","yes","yes","examples\holyc","examples\holyc\hello.HC","hcc + clang 17.0.6","hcc --no-run -O2; clang -O2","LLVM","native","48","67","223.7","","","","4.8","4.8","","","","110080","","","110080","HolyC","hcc","","Windows HolyC→C then clang -O2; LSD radix 4x8; MAlloc/Free via libc; rerun median n=5 samples=[5.0, 3.8, 4.8, 3.8, 5.5]"
"HolyC (clang)","fibonacci","implemented","compiled","transpiled AOT","yes","yes","examples\holyc","examples\holyc\fibonacci.HC","hcc + clang 17.0.6","hcc --no-run -O2; clang -O2","LLVM","native","186","139","221.0","","","","4.8","3.6","","","","139776","","","139776","HolyC","hcc","","Windows HolyC→C then clang -O2; LSD radix 4x8; MAlloc/Free via libc; rerun median n=5 samples=[4.8, 3.6, 3.6, 3.6, 3.6]"
"HolyC (clang)","prime_sieve","implemented","compiled","transpiled AOT","yes","yes","examples\holyc","examples\holyc\prime_sieve.HC","hcc + clang 17.0.6","hcc --no-run -O2; clang -O2","LLVM","native","619","296","241.1","","","","4.8","4.9","","","","141312","","","141312","HolyC","hcc","","Windows HolyC→C then clang -O2; LSD radix 4x8; MAlloc/Free via libc; rerun median n=5 samples=[5.9, 4.8, 4.8, 5.1, 4.9]"
"HolyC (clang)","sorting","implemented","compiled","transpiled AOT","yes","yes","examples\holyc","examples\holyc\sorting.HC","hcc + clang 17.0.6","hcc --no-run -O2; clang -O2","LLVM","native","1279","522","252.0","","","","4.8","10.0","","","","141824","","","141824","HolyC","hcc","","Windows HolyC→C then clang -O2; LSD radix 4x8; MAlloc/Free via libc; rerun median n=5 samples=[11.2, 9.9, 9.8, 10.0, 10.3]"
"C (tcc)","hello","implemented","compiled","AOT native","yes","yes","examples\c","examples\c\hello.c","TinyCC 0.9.27","tcc","TinyCC","native","84","98","8.1","","","","3.5","3.5","","","","2048","","","","","","","tcc 0.9.27; no real -O; LSD radix 4x8; rerun median n=5 samples=[5.2, 3.5, 3.6, 3.4, 3.2]"
"C (tcc)","fibonacci","implemented","compiled","AOT native","yes","yes","examples\c","examples\c\fibonacci.c","TinyCC 0.9.27","tcc","TinyCC","native","252","173","8.3","","","","3.5","3.3","","","","2560","","","","","","","tcc 0.9.27; no real -O; LSD radix 4x8; rerun median n=5 samples=[4.9, 5.3, 3.3, 3.2, 3.2]"
"C (tcc)","prime_sieve","implemented","compiled","AOT native","yes","yes","examples\c","examples\c\prime_sieve.c","TinyCC 0.9.27","tcc","TinyCC","native","585","292","9.8","","","","3.5","6.9","","","","2560","","","","","","","tcc 0.9.27; no real -O; LSD radix 4x8; rerun median n=5 samples=[7.9, 6.9, 6.8, 6.4, 7.1]"
"C (tcc)","sorting","implemented","compiled","AOT native","yes","yes","examples\c","examples\c\sorting.c","TinyCC 0.9.27","tcc","TinyCC","native","1229","521","8.3","","","","3.5","14.8","","","","3072","","","","","","","tcc 0.9.27; no real -O; LSD radix 4x8; rerun median n=5 samples=[14.8, 14.5, 14.5, 19.3, 15.2]"
"C (gcc)","hello","implemented","compiled","AOT native","yes","yes","examples\c","examples\c\hello.c","MinGW-w64 gcc 13.2.0","gcc -O2","GCC","native","84","98","140.8","","","","4.0","4.0","","","","63746","","","","","","","Strawberry MinGW-w64 gcc; LSD radix 4x8; rerun median n=5 samples=[5.7, 4.4, 4.0, 3.9, 4.0]"
"C (gcc)","fibonacci","implemented","compiled","AOT native","yes","yes","examples\c","examples\c\fibonacci.c","MinGW-w64 gcc 13.2.0","gcc -O2","GCC","native","252","173","144.1","","","","4.0","4.2","","","","63380","","","","","","","Strawberry MinGW-w64 gcc; LSD radix 4x8; rerun median n=5 samples=[4.9, 4.0, 3.9, 4.5, 4.2]"
"C (gcc)","prime_sieve","implemented","compiled","AOT native","yes","yes","examples\c","examples\c\prime_sieve.c","MinGW-w64 gcc 13.2.0","gcc -O2","GCC","native","585","292","150.1","","","","4.0","5.2","","","","64067","","","","","","","Strawberry MinGW-w64 gcc; LSD radix 4x8; rerun median n=5 samples=[6.3, 5.2, 5.2, 5.2, 5.3]"
"C (gcc)","sorting","implemented","compiled","AOT native","yes","yes","examples\c","examples\c\sorting.c","MinGW-w64 gcc 13.2.0","gcc -O2","GCC","native","1229","521","157.6","","","","4.0","10.6","","","","64005","","","","","","","Strawberry MinGW-w64 gcc; LSD radix 4x8; rerun median n=5 samples=[13.7, 10.6, 10.6, 10.7, 10.4]"
"C (MSVC)","hello","implemented","compiled","AOT native","yes","yes","examples\c","examples\c\hello.c","MSVC cl 19.44","cl /O2","MSVC C1/C2","native","84","98","84.7","","","","3.8","3.8","","","","139776","","","","","","","MSVC 17.14 /O2; LSD radix 4x8; rerun median n=5 samples=[5.1, 3.9, 3.8, 3.8, 3.5]"
"C (MSVC)","fibonacci","implemented","compiled","AOT native","yes","yes","examples\c","examples\c\fibonacci.c","MSVC cl 19.44","cl /O2","MSVC C1/C2","native","252","173","85.1","","","","3.8","3.8","","","","139776","","","","","","","MSVC 17.14 /O2; LSD radix 4x8; rerun median n=5 samples=[4.6, 4.0, 3.8, 3.5, 3.7]"
"C (MSVC)","prime_sieve","implemented","compiled","AOT native","yes","yes","examples\c","examples\c\prime_sieve.c","MSVC cl 19.44","cl /O2","MSVC C1/C2","native","585","292","88.8","","","","3.8","5.0","","","","140288","","","","","","","MSVC 17.14 /O2; LSD radix 4x8; rerun median n=5 samples=[6.2, 5.0, 4.8, 5.4, 5.0]"
"C (MSVC)","sorting","implemented","compiled","AOT native","yes","yes","examples\c","examples\c\sorting.c","MSVC cl 19.44","cl /O2","MSVC C1/C2","native","1229","521","94.1","","","","3.8","10.7","","","","140800","","","","","","","MSVC 17.14 /O2; LSD radix 4x8; rerun median n=5 samples=[11.6, 10.5, 10.7, 10.5, 10.9]"
"HolyC (tcc)","hello","implemented","compiled","transpiled AOT","yes","yes","examples\holyc","examples\holyc\hello.HC","hcc + TinyCC 0.9.27","hcc --no-run -O2; tcc","TinyCC","native","48","67","117.4","","","","3.3","3.3","","","","2048","","","","HolyC","hcc","","Windows HolyC→C then tcc 0.9.27; LSD radix 4x8; rerun median n=5 samples=[4.7, 3.4, 3.3, 3.2, 3.2]"
"HolyC (tcc)","fibonacci","implemented","compiled","transpiled AOT","yes","yes","examples\holyc","examples\holyc\fibonacci.HC","hcc + TinyCC 0.9.27","hcc --no-run -O2; tcc","TinyCC","native","186","139","113.2","","","","3.3","3.3","","","","2560","","","","HolyC","hcc","","Windows HolyC→C then tcc 0.9.27; LSD radix 4x8; rerun median n=5 samples=[4.0, 3.3, 3.5, 3.2, 3.2]"
"HolyC (tcc)","prime_sieve","implemented","compiled","transpiled AOT","yes","yes","examples\holyc","examples\holyc\prime_sieve.HC","hcc + TinyCC 0.9.27","hcc --no-run -O2; tcc","TinyCC","native","619","296","113.8","","","","3.3","8.6","","","","3072","","","","HolyC","hcc","","Windows HolyC→C then tcc 0.9.27; LSD radix 4x8; rerun median n=5 samples=[8.9, 8.3, 8.5, 10.4, 8.6]"
"HolyC (tcc)","sorting","implemented","compiled","transpiled AOT","yes","yes","examples\holyc","examples\holyc\sorting.HC","hcc + TinyCC 0.9.27","hcc --no-run -O2; tcc","TinyCC","native","1279","522","111.6","","","","3.3","26.3","","","","4608","","","","HolyC","hcc","","Windows HolyC→C then tcc 0.9.27; LSD radix 4x8; rerun median n=5 samples=[27.8, 26.3, 26.3, 25.6, 26.0]"
"HolyC (gcc)","hello","implemented","compiled","transpiled AOT","yes","yes","examples\holyc","examples\holyc\hello.HC","hcc + MinGW-w64 gcc 13.2.0","hcc --no-run -O2; gcc -O2","GCC","native","48","67","252.9","","","","4.5","4.5","","","","63836","","","","HolyC","hcc","","Windows HolyC→C then gcc -O2; LSD radix 4x8; rerun median n=5 samples=[6.0, 4.2, 4.5, 4.2, 8.4]"
"HolyC (gcc)","fibonacci","implemented","compiled","transpiled AOT","yes","yes","examples\holyc","examples\holyc\fibonacci.HC","hcc + MinGW-w64 gcc 13.2.0","hcc --no-run -O2; gcc -O2","GCC","native","186","139","254.8","","","","4.5","3.7","","","","63470","","","","HolyC","hcc","","Windows HolyC→C then gcc -O2; LSD radix 4x8; rerun median n=5 samples=[5.1, 3.7, 3.7, 3.8, 3.7]"
"HolyC (gcc)","prime_sieve","implemented","compiled","transpiled AOT","yes","yes","examples\holyc","examples\holyc\prime_sieve.HC","hcc + MinGW-w64 gcc 13.2.0","hcc --no-run -O2; gcc -O2","GCC","native","619","296","263.3","","","","4.5","5.2","","","","64193","","","","HolyC","hcc","","Windows HolyC→C then gcc -O2; LSD radix 4x8; rerun median n=5 samples=[5.9, 5.2, 5.0, 5.0, 5.2]"
"HolyC (gcc)","sorting","implemented","compiled","transpiled AOT","yes","yes","examples\holyc","examples\holyc\sorting.HC","hcc + MinGW-w64 gcc 13.2.0","hcc --no-run -O2; gcc -O2","GCC","native","1279","522","263.6","","","","4.5","10.6","","","","64046","","","","HolyC","hcc","","Windows HolyC→C then gcc -O2; LSD radix 4x8; rerun median n=5 samples=[12.1, 10.8, 10.6, 10.5, 10.3]"
"HolyC (MSVC)","hello","implemented","compiled","transpiled AOT","yes","yes","examples\holyc","examples\holyc\hello.HC","hcc + MSVC cl 19.44","hcc --no-run -O2; cl /O2","MSVC C1/C2","native","48","67","194.6","","","","3.8","3.8","","","","140288","","","","HolyC","hcc","","Windows HolyC→C then cl /O2; LSD radix 4x8; rerun median n=5 samples=[5.0, 3.8, 5.8, 3.7, 3.5]"
"HolyC (MSVC)","fibonacci","implemented","compiled","transpiled AOT","yes","yes","examples\holyc","examples\holyc\fibonacci.HC","hcc + MSVC cl 19.44","hcc --no-run -O2; cl /O2","MSVC C1/C2","native","186","139","193.6","","","","3.8","3.8","","","","139776","","","","HolyC","hcc","","Windows HolyC→C then cl /O2; LSD radix 4x8; rerun median n=5 samples=[4.6, 3.9, 3.8, 3.6, 3.6]"
"HolyC (MSVC)","prime_sieve","implemented","compiled","transpiled AOT","yes","yes","examples\holyc","examples\holyc\prime_sieve.HC","hcc + MSVC cl 19.44","hcc --no-run -O2; cl /O2","MSVC C1/C2","native","619","296","198.0","","","","3.8","4.9","","","","140288","","","","HolyC","hcc","","Windows HolyC→C then cl /O2; LSD radix 4x8; rerun median n=5 samples=[6.3, 4.7, 4.9, 5.0, 4.8]"
"HolyC (MSVC)","sorting","implemented","compiled","transpiled AOT","yes","yes","examples\holyc","examples\holyc\sorting.HC","hcc + MSVC cl 19.44","hcc --no-run -O2; cl /O2","MSVC C1/C2","native","1279","522","205.8","","","","3.8","10.7","","","","140800","","","","HolyC","hcc","","Windows HolyC→C then cl /O2; LSD radix 4x8; rerun median n=5 samples=[11.6, 10.9, 10.7, 10.6, 10.4]"
"Mojo (AOT)","hello","implemented","compiled","AOT native","yes","yes","examples\mojo","examples\mojo\hello.mojo","Mojo 1.0.0 (Ubuntu 24.04 WSL2)","mojo build","MLIR/LLVM","native (Linux ELF via WSL2)","39","57","2155","","","","9.5","9.5","","","","18000","","","","Mojo","mojo","","open-source Mojo 1.0; timed inside Ubuntu 24.04 WSL2 (not wsl.exe spawn); AOT `mojo build`; LSD radix 4x8; rerun median n=5 samples=[13.4, 10.2, 9.2, 9.5, 9.5]"
"Mojo (AOT)","fibonacci","implemented","compiled","AOT native","yes","yes","examples\mojo","examples\mojo\fibonacci.mojo","Mojo 1.0.0 (Ubuntu 24.04 WSL2)","mojo build","MLIR/LLVM","native (Linux ELF via WSL2)","155","112","1184","","","","9.5","9.6","","","","20880","","","","Mojo","mojo","","open-source Mojo 1.0; timed inside Ubuntu 24.04 WSL2 (not wsl.exe spawn); AOT `mojo build`; LSD radix 4x8; rerun median n=5 samples=[10.8, 12.9, 9.6, 9.5, 8.9]"
"Mojo (AOT)","prime_sieve","implemented","compiled","AOT native","yes","yes","examples\mojo","examples\mojo\prime_sieve.mojo","Mojo 1.0.0 (Ubuntu 24.04 WSL2)","mojo build","MLIR/LLVM","native (Linux ELF via WSL2)","720","322","1110","","","","9.5","11.0","","","","27016","","","","Mojo","mojo","","open-source Mojo 1.0; timed inside Ubuntu 24.04 WSL2 (not wsl.exe spawn); AOT `mojo build`; LSD radix 4x8; rerun median n=5 samples=[12.2, 11.0, 12.3, 10.3, 10.3]"
"Mojo (AOT)","sorting","implemented","compiled","AOT native","yes","yes","examples\mojo","examples\mojo\sorting.mojo","Mojo 1.0.0 (Ubuntu 24.04 WSL2)","mojo build","MLIR/LLVM","native (Linux ELF via WSL2)","1398","494","1345","","","","9.5","18.3","","","","28072","","","","Mojo","mojo","","open-source Mojo 1.0; timed inside Ubuntu 24.04 WSL2 (not wsl.exe spawn); AOT `mojo build`; LSD radix 4x8; rerun median n=5 samples=[18.3, 19.1, 20.6, 16.4, 17.5]"
"Mojo (run)","hello","implemented","compiled","compile-and-run","yes","yes","examples\mojo","examples\mojo\hello.mojo","Mojo 1.0.0 (Ubuntu 24.04 WSL2)","mojo run","MLIR/LLVM","native (Linux ELF via WSL2)","39","57","","","","","929.2","929.2","","","","","","","","Mojo","mojo","","open-source Mojo 1.0; timed inside Ubuntu 24.04 WSL2 (not wsl.exe spawn); cold `mojo run` compiles every process; rerun median n=5 samples=[929.2, 878.9, 957.8, 971.2, 897.6]"
"Mojo (run)","fibonacci","implemented","compiled","compile-and-run","yes","yes","examples\mojo","examples\mojo\fibonacci.mojo","Mojo 1.0.0 (Ubuntu 24.04 WSL2)","mojo run","MLIR/LLVM","native (Linux ELF via WSL2)","155","112","","","","","929.2","951.8","","","","","","","","Mojo","mojo","","open-source Mojo 1.0; timed inside Ubuntu 24.04 WSL2 (not wsl.exe spawn); cold `mojo run` compiles every process; rerun median n=5 samples=[951.8, 1013.9, 1075.4, 817.4, 862.6]"
"Mojo (run)","prime_sieve","implemented","compiled","compile-and-run","yes","yes","examples\mojo","examples\mojo\prime_sieve.mojo","Mojo 1.0.0 (Ubuntu 24.04 WSL2)","mojo run","MLIR/LLVM","native (Linux ELF via WSL2)","720","322","","","","","929.2","940.1","","","","","","","","Mojo","mojo","","open-source Mojo 1.0; timed inside Ubuntu 24.04 WSL2 (not wsl.exe spawn); cold `mojo run` compiles every process; rerun median n=5 samples=[983.9, 925.3, 909.2, 940.1, 1049.8]"
"Mojo (run)","sorting","implemented","compiled","compile-and-run","yes","yes","examples\mojo","examples\mojo\sorting.mojo","Mojo 1.0.0 (Ubuntu 24.04 WSL2)","mojo run","MLIR/LLVM","native (Linux ELF via WSL2)","1398","494","","","","","929.2","930.0","","","","","","","","Mojo","mojo","","open-source Mojo 1.0; timed inside Ubuntu 24.04 WSL2 (not wsl.exe spawn); cold `mojo run` compiles every process; rerun median n=5 samples=[942.7, 942.4, 930.0, 884.7, 899.9]"
"Lean 4","hello","implemented","compiled","AOT native","yes","yes","examples\lean","examples\lean\hello.lean","Lean 4.33.1 (elan stable, Linux x86_64)","lake build","Lean → C (leanc/clang)","native (Linux ELF)","51","69","1088.6","","","","2.6","2.6","","","13344","4074960","1112309","","4074960","Lean","lake","","Lean 4 AOT via lake; ByteArray sieve; LSD radix 4x8 packed UInt32 in ByteArray; timed on Linux NixOS, same i9-13900K as the Windows rows (local clang -O2 C sieve 4.3ms / sort 12.6ms); gzip -9 not UPX; rerun median n=5 samples=[2.8, 2.6, 2.3, 1.9, 2.7]"
"Lean 4","fibonacci","implemented","compiled","AOT native","yes","yes","examples\lean","examples\lean\fibonacci.lean","Lean 4.33.1 (elan stable, Linux x86_64)","lake build","Lean → C (leanc/clang)","native (Linux ELF)","215","158","1119.3","","","","2.6","2.5","","","13740","4079520","1115164","","4079520","Lean","lake","","Lean 4 AOT via lake; ByteArray sieve; LSD radix 4x8 packed UInt32 in ByteArray; timed on Linux NixOS, same i9-13900K as the Windows rows (local clang -O2 C sieve 4.3ms / sort 12.6ms); gzip -9 not UPX; rerun median n=5 samples=[2.5, 2.5, 2.7, 2.0, 2.2]"
"Lean 4","prime_sieve","implemented","compiled","AOT native","yes","yes","examples\lean","examples\lean\prime_sieve.lean","Lean 4.33.1 (elan stable, Linux x86_64)","lake build","Lean → C (leanc/clang)","native (Linux ELF)","677","306","1344.6","","","","2.6","24.9","","","13936","4084400","1119335","","4084400","Lean","lake","","Lean 4 AOT via lake; ByteArray sieve; LSD radix 4x8 packed UInt32 in ByteArray; timed on Linux NixOS, same i9-13900K as the Windows rows (local clang -O2 C sieve 4.3ms / sort 12.6ms); gzip -9 not UPX; rerun median n=5 samples=[24.9, 24.0, 29.1, 28.5, 24.6]"
"Lean 4","sorting","implemented","compiled","AOT native","yes","yes","examples\lean","examples\lean\sorting.lean","Lean 4.33.1 (elan stable, Linux x86_64)","lake build","Lean → C (leanc/clang)","native (Linux ELF)","2231","762","1722.7","","","","2.6","98.8","","","20980","4114768","1128986","","4114768","Lean","lake","","Lean 4 AOT via lake; ByteArray sieve; LSD radix 4x8 packed UInt32 in ByteArray; timed on Linux NixOS, same i9-13900K as the Windows rows (local clang -O2 C sieve 4.3ms / sort 12.6ms); gzip -9 not UPX; rerun median n=5 samples=[100.5, 97.5, 98.8, 96.3, 104.8]"
"Jai","hello","source_only","compiled","AOT native","yes","no","examples\jai","examples\jai\hello.jai","","jai -release","x64 / LLVM","native","63","81","","","","","","","","","","","","","","Jai","jai","not installed","Jai sources written; Jonathan Blow / Thekla compiler is still closed beta (not on this machine, not public). Place jai in tools/jai/bin/ or PATH and re-run this script. LSD radix 4x8; Byte-array sieve."
"Jai","fibonacci","source_only","compiled","AOT native","yes","no","examples\jai","examples\jai\fibonacci.jai","","jai -release","x64 / LLVM","native","176","139","","","","","","","","","","","","","","Jai","jai","not installed","Jai sources written; Jonathan Blow / Thekla compiler is still closed beta (not on this machine, not public). Place jai in tools/jai/bin/ or PATH and re-run this script. LSD radix 4x8; Byte-array sieve."
"Jai","prime_sieve","source_only","compiled","AOT native","yes","no","examples\jai","examples\jai\prime_sieve.jai","","jai -release","x64 / LLVM","native","561","274","","","","","","","","","","","","","","Jai","jai","not installed","Jai sources written; Jonathan Blow / Thekla compiler is still closed beta (not on this machine, not public). Place jai in tools/jai/bin/ or PATH and re-run this script. LSD radix 4x8; Byte-array sieve."
"Jai","sorting","source_only","compiled","AOT native","yes","no","examples\jai","examples\jai\sorting.jai","","jai -release","x64 / LLVM","native","1033","450","","","","","","","","","","","","","","Jai","jai","not installed","Jai sources written; Jonathan Blow / Thekla compiler is still closed beta (not on this machine, not public). Place jai in tools/jai/bin/ or PATH and re-run this script. LSD radix 4x8; Byte-array sieve."
"JavaScript (Bun)","hello","implemented","interpreted","JIT","yes","yes","examples\javascript","examples\javascript\hello.js","Bun 1.2.2","bun","JavaScriptCore","JavaScriptCore","30","50","","","","","39.9","39.9","","","","111662592","","","","JavaScript","bun","","Zig runtime + JSC; same examples/javascript sources; rerun median n=5 samples=[43.3, 38.7, 38.3, 39.9, 42.0]"
"JavaScript (Bun)","fibonacci","implemented","interpreted","JIT","yes","yes","examples\javascript","examples\javascript\fibonacci.js","Bun 1.2.2","bun","JavaScriptCore","JavaScriptCore","207","146","","","","","39.9","39.9","","","","111662592","","","","JavaScript","bun","","Zig runtime + JSC; same examples/javascript sources; rerun median n=5 samples=[39.9, 39.0, 39.4, 40.3, 42.8]"
"JavaScript (Bun)","prime_sieve","implemented","interpreted","JIT","yes","yes","examples\javascript","examples\javascript\prime_sieve.js","Bun 1.2.2","bun","JavaScriptCore","JavaScriptCore","479","239","","","","","39.9","45.9","","","","111662592","","","","JavaScript","bun","","Zig runtime + JSC; same examples/javascript sources; rerun median n=5 samples=[45.9, 46.0, 46.7, 44.9, 45.3]"
"JavaScript (Bun)","sorting","implemented","interpreted","JIT","yes","yes","examples\javascript","examples\javascript\sorting.js","Bun 1.2.2","bun","JavaScriptCore","JavaScriptCore","1042","445","","","","","39.9","55.3","","","","111662592","","","","JavaScript","bun","","Zig runtime + JSC; same examples/javascript sources; rerun median n=5 samples=[54.4, 55.3, 56.0, 54.9, 61.3]"
"JavaScript (Deno)","hello","implemented","interpreted","JIT","yes","yes","examples\javascript","examples\javascript\hello.js","Deno 2.9.6","deno run --quiet --no-prompt","V8","V8 (rusty_v8)","30","50","","","","","52.9","52.9","","","","97316640","","","","JavaScript","deno","","Rust host + V8 15.0; same examples/javascript sources; rerun median n=5 samples=[56.2, 51.6, 53.0, 51.8, 52.9]"
"JavaScript (Deno)","fibonacci","implemented","interpreted","JIT","yes","yes","examples\javascript","examples\javascript\fibonacci.js","Deno 2.9.6","deno run --quiet --no-prompt","V8","V8 (rusty_v8)","207","146","","","","","52.9","51.8","","","","97316640","","","","JavaScript","deno","","Rust host + V8 15.0; same examples/javascript sources; rerun median n=5 samples=[51.1, 51.4, 51.8, 53.7, 52.1]"
"JavaScript (Deno)","prime_sieve","implemented","interpreted","JIT","yes","yes","examples\javascript","examples\javascript\prime_sieve.js","Deno 2.9.6","deno run --quiet --no-prompt","V8","V8 (rusty_v8)","479","239","","","","","52.9","57.4","","","","97316640","","","","JavaScript","deno","","Rust host + V8 15.0; same examples/javascript sources; rerun median n=5 samples=[58.2, 65.1, 56.7, 57.4, 56.8]"
"JavaScript (Deno)","sorting","implemented","interpreted","JIT","yes","yes","examples\javascript","examples\javascript\sorting.js","Deno 2.9.6","deno run --quiet --no-prompt","V8","V8 (rusty_v8)","1042","445","","","","","52.9","68.4","","","","97316640","","","","JavaScript","deno","","Rust host + V8 15.0; same examples/javascript sources; rerun median n=5 samples=[68.8, 68.4, 67.0, 68.4, 66.6]"
"JavaScript (QuickJS)","hello","implemented","interpreted","bytecode VM","yes","yes","examples\javascript","examples\javascript\hello.js","QuickJS-ng 0.16.2","qjs","QuickJS bytecode","qjs interpreter","30","50","","","","","5.3","5.3","","","","2149746","","","","JavaScript","qjs","","quickjs-ng Windows x64; same examples/javascript sources; rerun median n=5 samples=[7.9, 5.4, 5.0, 5.3, 5.2]"
"JavaScript (QuickJS)","fibonacci","implemented","interpreted","bytecode VM","yes","yes","examples\javascript","examples\javascript\fibonacci.js","QuickJS-ng 0.16.2","qjs","QuickJS bytecode","qjs interpreter","207","146","","","","","5.3","5.4","","","","2149746","","","","JavaScript","qjs","","quickjs-ng Windows x64; same examples/javascript sources; rerun median n=5 samples=[5.4, 5.2, 5.4, 5.5, 5.4]"
"JavaScript (QuickJS)","prime_sieve","implemented","interpreted","bytecode VM","yes","yes","examples\javascript","examples\javascript\prime_sieve.js","QuickJS-ng 0.16.2","qjs","QuickJS bytecode","qjs interpreter","479","239","","","","","5.3","115.8","","","","2149746","","","","JavaScript","qjs","","quickjs-ng Windows x64; same examples/javascript sources; rerun median n=5 samples=[115.7, 116.6, 115.7, 115.8, 116.2]"
"JavaScript (QuickJS)","sorting","implemented","interpreted","bytecode VM","yes","yes","examples\javascript","examples\javascript\sorting.js","QuickJS-ng 0.16.2","qjs","QuickJS bytecode","qjs interpreter","1042","445","","","","","5.3","548.7","","","","2149746","","","","JavaScript","qjs","","quickjs-ng Windows x64; same examples/javascript sources; rerun median n=5 samples=[548.1, 546.7, 548.7, 549.0, 549.0]"
"JavaScript (Boa)","hello","implemented","interpreted","interpreter","yes","yes","examples\javascript","examples\javascript\hello.js","Boa 0.22.0","boa","Boa VM","boa_engine (Rust)","30","50","","","","","9.2","9.2","","","","35119616","","","","JavaScript","boa","","Rust JS engine boa_cli 0.22; same examples/javascript sources; rerun median n=5 samples=[12.1, 9.1, 9.2, 9.2, 9.2]"
"JavaScript (Boa)","fibonacci","implemented","interpreted","interpreter","yes","yes","examples\javascript","examples\javascript\fibonacci.js","Boa 0.22.0","boa","Boa VM","boa_engine (Rust)","207","146","","","","","9.2","9.2","","","","35119616","","","","JavaScript","boa","","Rust JS engine boa_cli 0.22; same examples/javascript sources; rerun median n=5 samples=[8.8, 9.2, 8.9, 10.8, 9.2]"
"JavaScript (Boa)","prime_sieve","implemented","interpreted","interpreter","yes","yes","examples\javascript","examples\javascript\prime_sieve.js","Boa 0.22.0","boa","Boa VM","boa_engine (Rust)","479","239","","","","","9.2","190.8","","","","35119616","","","","JavaScript","boa","","Rust JS engine boa_cli 0.22; same examples/javascript sources; rerun median n=5 samples=[190.4, 191.6, 194.0, 190.4, 190.8]"
"JavaScript (Boa)","sorting","implemented","interpreted","interpreter","yes","yes","examples\javascript","examples\javascript\sorting.js","Boa 0.22.0","boa","Boa VM","boa_engine (Rust)","1042","445","","","","","9.2","1929.2","","","","35119616","","","","JavaScript","boa","","Rust JS engine boa_cli 0.22; same examples/javascript sources; rerun median n=5 samples=[1929.8, 1929.2, 1929.6, 1921.3, 1908.2]"
